title,website,email,phone,address
10/10 Slicker Beaut,http://www.slickerbeaut.com,colton@slickerbeaut.com,954-366-8124,"1009 Cordova Road, 33316,Ft Lauderdale, , FL"
1 Ocean Yachts,http://www.1oceanyachts.com,jose@1oceanyachts.com,+1 305 491 7794,"1000 5th ST SUITE 200 – C10 , 33139,MIAMI BEACH, , FL, United States"
26 North Yachts,https://www.26northyachts.com/,staci@26northyachts.com,954-900-9988,"2525 Marina Bay Drive West, 33312,Ft. Lauderdale, , FL, United States"
Abaco Beach Resort & Boat Harbor Marina,https://abacobeachresort.com/,kevie.thomas@abacobeachresort.com,242-367-2158,"Bay St,Marsh Harbour, Abaco, Bahamas"
AB Inflatables USA,,jmendoza@abmarinegroup.com,+57 5 379 5132,"Calle 1 E #2-15 Bodega 9,Zona Franca De Barranquilla, 080004,Barranquilla, Atlantico, Colombia"
Absolute of Americas Inc.,https://www.absoluteyachts.com/en/,marketing@absoluteofamericas.com,954-842-6909,"509 Madison Ave.,Suite 1510, 10022,New York City, , NY"
ABT-Trac,https://abttrac.com/,rfellows@thrusters.com,707-586-3166,"517-A Martin Ave, 94928,Rohnert Park, , Cali, United States"
Acryfin Deck & Dock Coatings,https://acryfin.com/,drew@acryfin.com,239-826-3456,"2624 Providence St., 33916,Ft Myers, , FL"
AERE Marine Group,https://www.aeremarinegroup.com/,vicki@aeremarinegroup.com,954-345-2373,"12207 NW 35th Street, 33065,Coral Springs, , FL"
Airship Ribs,https://www.airshipribs.com/,chrissy.phillips@airshipribs.com,440-967-1073  ex1005,"1151 Sunnyside Rd, 44089,Vermilion, , OH"
Albemarle Boats,https://www.albemarleboats.com/,keith@albemarleboats.com,252-482-4369,"140 Midway Drive, 27932,Edenton, , NC"
Alexseal Yacht Coatings,https://www.alexseal.com/,Jeff.Grandgenett@alexseal.com,843-654-7755,"1200 Charleston Regional Pkwy, 29492,Charleston, , SC"
Allied Marine,https://www.alliedmarine.com/,crystal.castro@ferrettigroup.com,954-462-5527,"1445 SE 16th Street, 33316,Ft. Lauderdale, , FL"
All Ocean Yachts,https://www.buyexploreryachts.com/explorer-yachts-news.shtml,SteveR@alloceanyachts.com,305-216-8682,"1005 Marina Mile Blvd,Suite 444, 33315,Fort Lauderdale, , FL"
Alva Yachts,https://www.yachtsalesinternational.com/about-alva-yachts/,Info@yachtsalesinternational.com,954-642-2080,"400 SW 1st Ave,Suite 1, 33301,Fort Lauderdale, , FL, United States"
American Yacht Group,http://www.americanyachtgroup.com,wako@hcbyachts.com,502-762-3405,"1095 N Hwy A1A, 33477,Jupiter, , Flor, United States"
Americas Compressors,http://www.safetyfirstdiving.com/,buck@safetyfirstdiving.com,817-680-8795 Cell,"1005 Marina Mile Blvd.,Suite # 456, 33315,Fort Lauderdale, , FL"
Anchor Yacht Rentals,https://www.anchorrides.com/home,,,"Do Not Have,"
ANG Converters,https://angconverters.com,info@angconverters.com,954-368-3214,"3200 S. Andrews Ave.,Sutie 207, 33316,Ft Lauderdale, , FL"
Anvera USA,https://www.anvera.it/en/anvera-style/,info@anverausa.it,+39 3929850825,"1200 Brickell Avenue,Suite 800 #6, 33131,Miami, , FL"
10/10 Slicker Beaut,http://www.slickerbeaut.com,colton@slickerbeaut.com,954-366-8124,"1009 Cordova Road, 33316,Ft Lauderdale, , FL"
1 Ocean Yachts,http://www.1oceanyachts.com,jose@1oceanyachts.com,+1 305 491 7794,"1000 5th ST SUITE 200 – C10 , 33139,MIAMI BEACH, , FL, United States"
26 North Yachts,https://www.26northyachts.com/,staci@26northyachts.com,954-900-9988,"2525 Marina Bay Drive West, 33312,Ft. Lauderdale, , FL, United States"
Abaco Beach Resort & Boat Harbor Marina,https://abacobeachresort.com/,kevie.thomas@abacobeachresort.com,242-367-2158,"Bay St,Marsh Harbour, Abaco, Bahamas"
AB Inflatables USA,,jmendoza@abmarinegroup.com,+57 5 379 5132,"Calle 1 E #2-15 Bodega 9,Zona Franca De Barranquilla, 080004,Barranquilla, Atlantico, Colombia"
Absolute of Americas Inc.,https://www.absoluteyachts.com/en/,marketing@absoluteofamericas.com,954-842-6909,"509 Madison Ave.,Suite 1510, 10022,New York City, , NY"
ABT-Trac,https://abttrac.com/,rfellows@thrusters.com,707-586-3166,"517-A Martin Ave, 94928,Rohnert Park, , Cali, United States"
Acryfin Deck & Dock Coatings,https://acryfin.com/,drew@acryfin.com,239-826-3456,"2624 Providence St., 33916,Ft Myers, , FL"
AERE Marine Group,https://www.aeremarinegroup.com/,vicki@aeremarinegroup.com,954-345-2373,"12207 NW 35th Street, 33065,Coral Springs, , FL"
Airship Ribs,https://www.airshipribs.com/,chrissy.phillips@airshipribs.com,440-967-1073  ex1005,"1151 Sunnyside Rd, 44089,Vermilion, , OH"
Albemarle Boats,https://www.albemarleboats.com/,keith@albemarleboats.com,252-482-4369,"140 Midway Drive, 27932,Edenton, , NC"
Alexseal Yacht Coatings,https://www.alexseal.com/,Jeff.Grandgenett@alexseal.com,843-654-7755,"1200 Charleston Regional Pkwy, 29492,Charleston, , SC"
Allied Marine,https://www.alliedmarine.com/,crystal.castro@ferrettigroup.com,954-462-5527,"1445 SE 16th Street, 33316,Ft. Lauderdale, , FL"
All Ocean Yachts,https://www.buyexploreryachts.com/explorer-yachts-news.shtml,SteveR@alloceanyachts.com,305-216-8682,"1005 Marina Mile Blvd,Suite 444, 33315,Fort Lauderdale, , FL"
Alva Yachts,https://www.yachtsalesinternational.com/about-alva-yachts/,Info@yachtsalesinternational.com,954-642-2080,"400 SW 1st Ave,Suite 1, 33301,Fort Lauderdale, , FL, United States"
American Yacht Group,http://www.americanyachtgroup.com,wako@hcbyachts.com,502-762-3405,"1095 N Hwy A1A, 33477,Jupiter, , Flor, United States"
Americas Compressors,http://www.safetyfirstdiving.com/,buck@safetyfirstdiving.com,817-680-8795 Cell,"1005 Marina Mile Blvd.,Suite # 456, 33315,Fort Lauderdale, , FL"
Anchor Yacht Rentals,https://www.anchorrides.com/home,,,"Do Not Have,"
ANG Converters,https://angconverters.com,info@angconverters.com,954-368-3214,"3200 S. Andrews Ave.,Sutie 207, 33316,Ft Lauderdale, , FL"
Anvera USA,https://www.anvera.it/en/anvera-style/,info@anverausa.it,+39 3929850825,"1200 Brickell Avenue,Suite 800 #6, 33131,Miami, , FL"
10/10 Slicker Beaut,http://www.slickerbeaut.com,colton@slickerbeaut.com,954-366-8124,"1009 Cordova Road, 33316,Ft Lauderdale, , FL"
1 Ocean Yachts,http://www.1oceanyachts.com,jose@1oceanyachts.com,+1 305 491 7794,"1000 5th ST SUITE 200 – C10 , 33139,MIAMI BEACH, , FL, United States"
26 North Yachts,https://www.26northyachts.com/,staci@26northyachts.com,954-900-9988,"2525 Marina Bay Drive West, 33312,Ft. Lauderdale, , FL, United States"
Abaco Beach Resort & Boat Harbor Marina,https://abacobeachresort.com/,kevie.thomas@abacobeachresort.com,242-367-2158,"Bay St,Marsh Harbour, Abaco, Bahamas"
AB Inflatables USA,,jmendoza@abmarinegroup.com,+57 5 379 5132,"Calle 1 E #2-15 Bodega 9,Zona Franca De Barranquilla, 080004,Barranquilla, Atlantico, Colombia"
Absolute of Americas Inc.,https://www.absoluteyachts.com/en/,marketing@absoluteofamericas.com,954-842-6909,"509 Madison Ave.,Suite 1510, 10022,New York City, , NY"
ABT-Trac,https://abttrac.com/,rfellows@thrusters.com,707-586-3166,"517-A Martin Ave, 94928,Rohnert Park, , Cali, United States"
Acryfin Deck & Dock Coatings,https://acryfin.com/,drew@acryfin.com,239-826-3456,"2624 Providence St., 33916,Ft Myers, , FL"
AERE Marine Group,https://www.aeremarinegroup.com/,vicki@aeremarinegroup.com,954-345-2373,"12207 NW 35th Street, 33065,Coral Springs, , FL"
Airship Ribs,https://www.airshipribs.com/,chrissy.phillips@airshipribs.com,440-967-1073  ex1005,"1151 Sunnyside Rd, 44089,Vermilion, , OH"
Albemarle Boats,https://www.albemarleboats.com/,keith@albemarleboats.com,252-482-4369,"140 Midway Drive, 27932,Edenton, , NC"
Alexseal Yacht Coatings,https://www.alexseal.com/,Jeff.Grandgenett@alexseal.com,843-654-7755,"1200 Charleston Regional Pkwy, 29492,Charleston, , SC"
Allied Marine,https://www.alliedmarine.com/,crystal.castro@ferrettigroup.com,954-462-5527,"1445 SE 16th Street, 33316,Ft. Lauderdale, , FL"
All Ocean Yachts,https://www.buyexploreryachts.com/explorer-yachts-news.shtml,SteveR@alloceanyachts.com,305-216-8682,"1005 Marina Mile Blvd,Suite 444, 33315,Fort Lauderdale, , FL"
Alva Yachts,https://www.yachtsalesinternational.com/about-alva-yachts/,Info@yachtsalesinternational.com,954-642-2080,"400 SW 1st Ave,Suite 1, 33301,Fort Lauderdale, , FL, United States"
American Yacht Group,http://www.americanyachtgroup.com,wako@hcbyachts.com,502-762-3405,"1095 N Hwy A1A, 33477,Jupiter, , Flor, United States"
Americas Compressors,http://www.safetyfirstdiving.com/,buck@safetyfirstdiving.com,817-680-8795 Cell,"1005 Marina Mile Blvd.,Suite # 456, 33315,Fort Lauderdale, , FL"
Anchor Yacht Rentals,https://www.anchorrides.com/home,,,"Do Not Have,"
ANG Converters,https://angconverters.com,info@angconverters.com,954-368-3214,"3200 S. Andrews Ave.,Sutie 207, 33316,Ft Lauderdale, , FL"
Anvera USA,https://www.anvera.it/en/anvera-style/,info@anverausa.it,+39 3929850825,"1200 Brickell Avenue,Suite 800 #6, 33131,Miami, , FL"
10/10 Slicker Beaut,http://www.slickerbeaut.com,colton@slickerbeaut.com,954-366-8124,"1009 Cordova Road, 33316,Ft Lauderdale, , FL"
1 Ocean Yachts,http://www.1oceanyachts.com,jose@1oceanyachts.com,+1 305 491 7794,"1000 5th ST SUITE 200 – C10 , 33139,MIAMI BEACH, , FL, United States"
26 North Yachts,https://www.26northyachts.com/,staci@26northyachts.com,954-900-9988,"2525 Marina Bay Drive West, 33312,Ft. Lauderdale, , FL, United States"
Abaco Beach Resort & Boat Harbor Marina,https://abacobeachresort.com/,kevie.thomas@abacobeachresort.com,242-367-2158,"Bay St,Marsh Harbour, Abaco, Bahamas"
AB Inflatables USA,,jmendoza@abmarinegroup.com,+57 5 379 5132,"Calle 1 E #2-15 Bodega 9,Zona Franca De Barranquilla, 080004,Barranquilla, Atlantico, Colombia"
Absolute of Americas Inc.,https://www.absoluteyachts.com/en/,marketing@absoluteofamericas.com,954-842-6909,"509 Madison Ave.,Suite 1510, 10022,New York City, , NY"
ABT-Trac,https://abttrac.com/,rfellows@thrusters.com,707-586-3166,"517-A Martin Ave, 94928,Rohnert Park, , Cali, United States"
Acryfin Deck & Dock Coatings,https://acryfin.com/,drew@acryfin.com,239-826-3456,"2624 Providence St., 33916,Ft Myers, , FL"
AERE Marine Group,https://www.aeremarinegroup.com/,vicki@aeremarinegroup.com,954-345-2373,"12207 NW 35th Street, 33065,Coral Springs, , FL"
Airship Ribs,https://www.airshipribs.com/,chrissy.phillips@airshipribs.com,440-967-1073  ex1005,"1151 Sunnyside Rd, 44089,Vermilion, , OH"
Albemarle Boats,https://www.albemarleboats.com/,keith@albemarleboats.com,252-482-4369,"140 Midway Drive, 27932,Edenton, , NC"
Alexseal Yacht Coatings,https://www.alexseal.com/,Jeff.Grandgenett@alexseal.com,843-654-7755,"1200 Charleston Regional Pkwy, 29492,Charleston, , SC"
Allied Marine,https://www.alliedmarine.com/,crystal.castro@ferrettigroup.com,954-462-5527,"1445 SE 16th Street, 33316,Ft. Lauderdale, , FL"
All Ocean Yachts,https://www.buyexploreryachts.com/explorer-yachts-news.shtml,SteveR@alloceanyachts.com,305-216-8682,"1005 Marina Mile Blvd,Suite 444, 33315,Fort Lauderdale, , FL"
Alva Yachts,https://www.yachtsalesinternational.com/about-alva-yachts/,Info@yachtsalesinternational.com,954-642-2080,"400 SW 1st Ave,Suite 1, 33301,Fort Lauderdale, , FL, United States"
American Yacht Group,http://www.americanyachtgroup.com,wako@hcbyachts.com,502-762-3405,"1095 N Hwy A1A, 33477,Jupiter, , Flor, United States"
Americas Compressors,http://www.safetyfirstdiving.com/,buck@safetyfirstdiving.com,817-680-8795 Cell,"1005 Marina Mile Blvd.,Suite # 456, 33315,Fort Lauderdale, , FL"
Anchor Yacht Rentals,https://www.anchorrides.com/home,,,"Do Not Have,"
ANG Converters,https://angconverters.com,info@angconverters.com,954-368-3214,"3200 S. Andrews Ave.,Sutie 207, 33316,Ft Lauderdale, , FL"
Anvera USA,https://www.anvera.it/en/anvera-style/,info@anverausa.it,+39 3929850825,"1200 Brickell Avenue,Suite 800 #6, 33131,Miami, , FL"
10/10 Slicker Beaut,http://www.slickerbeaut.com,colton@slickerbeaut.com,954-366-8124,"1009 Cordova Road, 33316,Ft Lauderdale, , FL"
1 Ocean Yachts,http://www.1oceanyachts.com,jose@1oceanyachts.com,+1 305 491 7794,"1000 5th ST SUITE 200 – C10 , 33139,MIAMI BEACH, , FL, United States"
26 North Yachts,https://www.26northyachts.com/,staci@26northyachts.com,954-900-9988,"2525 Marina Bay Drive West, 33312,Ft. Lauderdale, , FL, United States"
Abaco Beach Resort & Boat Harbor Marina,https://abacobeachresort.com/,kevie.thomas@abacobeachresort.com,242-367-2158,"Bay St,Marsh Harbour, Abaco, Bahamas"
AB Inflatables USA,,jmendoza@abmarinegroup.com,+57 5 379 5132,"Calle 1 E #2-15 Bodega 9,Zona Franca De Barranquilla, 080004,Barranquilla, Atlantico, Colombia"
Absolute of Americas Inc.,https://www.absoluteyachts.com/en/,marketing@absoluteofamericas.com,954-842-6909,"509 Madison Ave.,Suite 1510, 10022,New York City, , NY"
ABT-Trac,https://abttrac.com/,rfellows@thrusters.com,707-586-3166,"517-A Martin Ave, 94928,Rohnert Park, , Cali, United States"
Acryfin Deck & Dock Coatings,https://acryfin.com/,drew@acryfin.com,239-826-3456,"2624 Providence St., 33916,Ft Myers, , FL"
AERE Marine Group,https://www.aeremarinegroup.com/,vicki@aeremarinegroup.com,954-345-2373,"12207 NW 35th Street, 33065,Coral Springs, , FL"
Airship Ribs,https://www.airshipribs.com/,chrissy.phillips@airshipribs.com,440-967-1073  ex1005,"1151 Sunnyside Rd, 44089,Vermilion, , OH"
Albemarle Boats,https://www.albemarleboats.com/,keith@albemarleboats.com,252-482-4369,"140 Midway Drive, 27932,Edenton, , NC"
Alexseal Yacht Coatings,https://www.alexseal.com/,Jeff.Grandgenett@alexseal.com,843-654-7755,"1200 Charleston Regional Pkwy, 29492,Charleston, , SC"
Allied Marine,https://www.alliedmarine.com/,crystal.castro@ferrettigroup.com,954-462-5527,"1445 SE 16th Street, 33316,Ft. Lauderdale, , FL"
All Ocean Yachts,https://www.buyexploreryachts.com/explorer-yachts-news.shtml,SteveR@alloceanyachts.com,305-216-8682,"1005 Marina Mile Blvd,Suite 444, 33315,Fort Lauderdale, , FL"
Alva Yachts,https://www.yachtsalesinternational.com/about-alva-yachts/,Info@yachtsalesinternational.com,954-642-2080,"400 SW 1st Ave,Suite 1, 33301,Fort Lauderdale, , FL, United States"
American Yacht Group,http://www.americanyachtgroup.com,wako@hcbyachts.com,502-762-3405,"1095 N Hwy A1A, 33477,Jupiter, , Flor, United States"
Americas Compressors,http://www.safetyfirstdiving.com/,buck@safetyfirstdiving.com,817-680-8795 Cell,"1005 Marina Mile Blvd.,Suite # 456, 33315,Fort Lauderdale, , FL"
Anchor Yacht Rentals,https://www.anchorrides.com/home,,,"Do Not Have,"
ANG Converters,https://angconverters.com,info@angconverters.com,954-368-3214,"3200 S. Andrews Ave.,Sutie 207, 33316,Ft Lauderdale, , FL"
Anvera USA,https://www.anvera.it/en/anvera-style/,info@anverausa.it,+39 3929850825,"1200 Brickell Avenue,Suite 800 #6, 33131,Miami, , FL"
10/10 Slicker Beaut,http://www.slickerbeaut.com,colton@slickerbeaut.com,954-366-8124,"1009 Cordova Road, 33316,Ft Lauderdale, , FL"
1 Ocean Yachts,http://www.1oceanyachts.com,jose@1oceanyachts.com,+1 305 491 7794,"1000 5th ST SUITE 200 – C10 , 33139,MIAMI BEACH, , FL, United States"
26 North Yachts,https://www.26northyachts.com/,staci@26northyachts.com,954-900-9988,"2525 Marina Bay Drive West, 33312,Ft. Lauderdale, , FL, United States"
Abaco Beach Resort & Boat Harbor Marina,https://abacobeachresort.com/,kevie.thomas@abacobeachresort.com,242-367-2158,"Bay St,Marsh Harbour, Abaco, Bahamas"
AB Inflatables USA,,jmendoza@abmarinegroup.com,+57 5 379 5132,"Calle 1 E #2-15 Bodega 9,Zona Franca De Barranquilla, 080004,Barranquilla, Atlantico, Colombia"
Absolute of Americas Inc.,https://www.absoluteyachts.com/en/,marketing@absoluteofamericas.com,954-842-6909,"509 Madison Ave.,Suite 1510, 10022,New York City, , NY"
ABT-Trac,https://abttrac.com/,rfellows@thrusters.com,707-586-3166,"517-A Martin Ave, 94928,Rohnert Park, , Cali, United States"
Acryfin Deck & Dock Coatings,https://acryfin.com/,drew@acryfin.com,239-826-3456,"2624 Providence St., 33916,Ft Myers, , FL"
AERE Marine Group,https://www.aeremarinegroup.com/,vicki@aeremarinegroup.com,954-345-2373,"12207 NW 35th Street, 33065,Coral Springs, , FL"
Airship Ribs,https://www.airshipribs.com/,chrissy.phillips@airshipribs.com,440-967-1073  ex1005,"1151 Sunnyside Rd, 44089,Vermilion, , OH"
Albemarle Boats,https://www.albemarleboats.com/,keith@albemarleboats.com,252-482-4369,"140 Midway Drive, 27932,Edenton, , NC"
Alexseal Yacht Coatings,https://www.alexseal.com/,Jeff.Grandgenett@alexseal.com,843-654-7755,"1200 Charleston Regional Pkwy, 29492,Charleston, , SC"
Allied Marine,https://www.alliedmarine.com/,crystal.castro@ferrettigroup.com,954-462-5527,"1445 SE 16th Street, 33316,Ft. Lauderdale, , FL"
All Ocean Yachts,https://www.buyexploreryachts.com/explorer-yachts-news.shtml,SteveR@alloceanyachts.com,305-216-8682,"1005 Marina Mile Blvd,Suite 444, 33315,Fort Lauderdale, , FL"
Alva Yachts,https://www.yachtsalesinternational.com/about-alva-yachts/,Info@yachtsalesinternational.com,954-642-2080,"400 SW 1st Ave,Suite 1, 33301,Fort Lauderdale, , FL, United States"
American Yacht Group,http://www.americanyachtgroup.com,wako@hcbyachts.com,502-762-3405,"1095 N Hwy A1A, 33477,Jupiter, , Flor, United States"
Americas Compressors,http://www.safetyfirstdiving.com/,buck@safetyfirstdiving.com,817-680-8795 Cell,"1005 Marina Mile Blvd.,Suite # 456, 33315,Fort Lauderdale, , FL"
Anchor Yacht Rentals,https://www.anchorrides.com/home,,,"Do Not Have,"
ANG Converters,https://angconverters.com,info@angconverters.com,954-368-3214,"3200 S. Andrews Ave.,Sutie 207, 33316,Ft Lauderdale, , FL"
Anvera USA,https://www.anvera.it/en/anvera-style/,info@anverausa.it,+39 3929850825,"1200 Brickell Avenue,Suite 800 #6, 33131,Miami, , FL"
10/10 Slicker Beaut,http://www.slickerbeaut.com,colton@slickerbeaut.com,954-366-8124,"1009 Cordova Road, 33316,Ft Lauderdale, , FL"
1 Ocean Yachts,http://www.1oceanyachts.com,jose@1oceanyachts.com,+1 305 491 7794,"1000 5th ST SUITE 200 – C10 , 33139,MIAMI BEACH, , FL, United States"
26 North Yachts,https://www.26northyachts.com/,staci@26northyachts.com,954-900-9988,"2525 Marina Bay Drive West, 33312,Ft. Lauderdale, , FL, United States"
Abaco Beach Resort & Boat Harbor Marina,https://abacobeachresort.com/,kevie.thomas@abacobeachresort.com,242-367-2158,"Bay St,Marsh Harbour, Abaco, Bahamas"
AB Inflatables USA,,jmendoza@abmarinegroup.com,+57 5 379 5132,"Calle 1 E #2-15 Bodega 9,Zona Franca De Barranquilla, 080004,Barranquilla, Atlantico, Colombia"
Absolute of Americas Inc.,https://www.absoluteyachts.com/en/,marketing@absoluteofamericas.com,954-842-6909,"509 Madison Ave.,Suite 1510, 10022,New York City, , NY"
ABT-Trac,https://abttrac.com/,rfellows@thrusters.com,707-586-3166,"517-A Martin Ave, 94928,Rohnert Park, , Cali, United States"
Acryfin Deck & Dock Coatings,https://acryfin.com/,drew@acryfin.com,239-826-3456,"2624 Providence St., 33916,Ft Myers, , FL"
AERE Marine Group,https://www.aeremarinegroup.com/,vicki@aeremarinegroup.com,954-345-2373,"12207 NW 35th Street, 33065,Coral Springs, , FL"
Airship Ribs,https://www.airshipribs.com/,chrissy.phillips@airshipribs.com,440-967-1073  ex1005,"1151 Sunnyside Rd, 44089,Vermilion, , OH"
Albemarle Boats,https://www.albemarleboats.com/,keith@albemarleboats.com,252-482-4369,"140 Midway Drive, 27932,Edenton, , NC"
Alexseal Yacht Coatings,https://www.alexseal.com/,Jeff.Grandgenett@alexseal.com,843-654-7755,"1200 Charleston Regional Pkwy, 29492,Charleston, , SC"
Allied Marine,https://www.alliedmarine.com/,crystal.castro@ferrettigroup.com,954-462-5527,"1445 SE 16th Street, 33316,Ft. Lauderdale, , FL"
All Ocean Yachts,https://www.buyexploreryachts.com/explorer-yachts-news.shtml,SteveR@alloceanyachts.com,305-216-8682,"1005 Marina Mile Blvd,Suite 444, 33315,Fort Lauderdale, , FL"
Alva Yachts,https://www.yachtsalesinternational.com/about-alva-yachts/,Info@yachtsalesinternational.com,954-642-2080,"400 SW 1st Ave,Suite 1, 33301,Fort Lauderdale, , FL, United States"
American Yacht Group,http://www.americanyachtgroup.com,wako@hcbyachts.com,502-762-3405,"1095 N Hwy A1A, 33477,Jupiter, , Flor, United States"
Americas Compressors,http://www.safetyfirstdiving.com/,buck@safetyfirstdiving.com,817-680-8795 Cell,"1005 Marina Mile Blvd.,Suite # 456, 33315,Fort Lauderdale, , FL"
Anchor Yacht Rentals,https://www.anchorrides.com/home,,,"Do Not Have,"
ANG Converters,https://angconverters.com,info@angconverters.com,954-368-3214,"3200 S. Andrews Ave.,Sutie 207, 33316,Ft Lauderdale, , FL"
Anvera USA,https://www.anvera.it/en/anvera-style/,info@anverausa.it,+39 3929850825,"1200 Brickell Avenue,Suite 800 #6, 33131,Miami, , FL"
10/10 Slicker Beaut,http://www.slickerbeaut.com,colton@slickerbeaut.com,954-366-8124,"1009 Cordova Road, 33316,Ft Lauderdale, , FL"
1 Ocean Yachts,http://www.1oceanyachts.com,jose@1oceanyachts.com,+1 305 491 7794,"1000 5th ST SUITE 200 – C10 , 33139,MIAMI BEACH, , FL, United States"
26 North Yachts,https://www.26northyachts.com/,staci@26northyachts.com,954-900-9988,"2525 Marina Bay Drive West, 33312,Ft. Lauderdale, , FL, United States"
Abaco Beach Resort & Boat Harbor Marina,https://abacobeachresort.com/,kevie.thomas@abacobeachresort.com,242-367-2158,"Bay St,Marsh Harbour, Abaco, Bahamas"
AB Inflatables USA,,jmendoza@abmarinegroup.com,+57 5 379 5132,"Calle 1 E #2-15 Bodega 9,Zona Franca De Barranquilla, 080004,Barranquilla, Atlantico, Colombia"
Absolute of Americas Inc.,https://www.absoluteyachts.com/en/,marketing@absoluteofamericas.com,954-842-6909,"509 Madison Ave.,Suite 1510, 10022,New York City, , NY"
ABT-Trac,https://abttrac.com/,rfellows@thrusters.com,707-586-3166,"517-A Martin Ave, 94928,Rohnert Park, , Cali, United States"
Acryfin Deck & Dock Coatings,https://acryfin.com/,drew@acryfin.com,239-826-3456,"2624 Providence St., 33916,Ft Myers, , FL"
AERE Marine Group,https://www.aeremarinegroup.com/,vicki@aeremarinegroup.com,954-345-2373,"12207 NW 35th Street, 33065,Coral Springs, , FL"
Airship Ribs,https://www.airshipribs.com/,chrissy.phillips@airshipribs.com,440-967-1073  ex1005,"1151 Sunnyside Rd, 44089,Vermilion, , OH"
Albemarle Boats,https://www.albemarleboats.com/,keith@albemarleboats.com,252-482-4369,"140 Midway Drive, 27932,Edenton, , NC"
Alexseal Yacht Coatings,https://www.alexseal.com/,Jeff.Grandgenett@alexseal.com,843-654-7755,"1200 Charleston Regional Pkwy, 29492,Charleston, , SC"
Allied Marine,https://www.alliedmarine.com/,crystal.castro@ferrettigroup.com,954-462-5527,"1445 SE 16th Street, 33316,Ft. Lauderdale, , FL"
All Ocean Yachts,https://www.buyexploreryachts.com/explorer-yachts-news.shtml,SteveR@alloceanyachts.com,305-216-8682,"1005 Marina Mile Blvd,Suite 444, 33315,Fort Lauderdale, , FL"
Alva Yachts,https://www.yachtsalesinternational.com/about-alva-yachts/,Info@yachtsalesinternational.com,954-642-2080,"400 SW 1st Ave,Suite 1, 33301,Fort Lauderdale, , FL, United States"
American Yacht Group,http://www.americanyachtgroup.com,wako@hcbyachts.com,502-762-3405,"1095 N Hwy A1A, 33477,Jupiter, , Flor, United States"
Americas Compressors,http://www.safetyfirstdiving.com/,buck@safetyfirstdiving.com,817-680-8795 Cell,"1005 Marina Mile Blvd.,Suite # 456, 33315,Fort Lauderdale, , FL"
Anchor Yacht Rentals,https://www.anchorrides.com/home,,,"Do Not Have,"
ANG Converters,https://angconverters.com,info@angconverters.com,954-368-3214,"3200 S. Andrews Ave.,Sutie 207, 33316,Ft Lauderdale, , FL"
Anvera USA,https://www.anvera.it/en/anvera-style/,info@anverausa.it,+39 3929850825,"1200 Brickell Avenue,Suite 800 #6, 33131,Miami, , FL"
10/10 Slicker Beaut,http://www.slickerbeaut.com,colton@slickerbeaut.com,954-366-8124,"1009 Cordova Road, 33316,Ft Lauderdale, , FL"
1 Ocean Yachts,http://www.1oceanyachts.com,jose@1oceanyachts.com,+1 305 491 7794,"1000 5th ST SUITE 200 – C10 , 33139,MIAMI BEACH, , FL, United States"
26 North Yachts,https://www.26northyachts.com/,staci@26northyachts.com,954-900-9988,"2525 Marina Bay Drive West, 33312,Ft. Lauderdale, , FL, United States"
Abaco Beach Resort & Boat Harbor Marina,https://abacobeachresort.com/,kevie.thomas@abacobeachresort.com,242-367-2158,"Bay St,Marsh Harbour, Abaco, Bahamas"
AB Inflatables USA,,jmendoza@abmarinegroup.com,+57 5 379 5132,"Calle 1 E #2-15 Bodega 9,Zona Franca De Barranquilla, 080004,Barranquilla, Atlantico, Colombia"
Absolute of Americas Inc.,https://www.absoluteyachts.com/en/,marketing@absoluteofamericas.com,954-842-6909,"509 Madison Ave.,Suite 1510, 10022,New York City, , NY"
ABT-Trac,https://abttrac.com/,rfellows@thrusters.com,707-586-3166,"517-A Martin Ave, 94928,Rohnert Park, , Cali, United States"
Acryfin Deck & Dock Coatings,https://acryfin.com/,drew@acryfin.com,239-826-3456,"2624 Providence St., 33916,Ft Myers, , FL"
AERE Marine Group,https://www.aeremarinegroup.com/,vicki@aeremarinegroup.com,954-345-2373,"12207 NW 35th Street, 33065,Coral Springs, , FL"
Airship Ribs,https://www.airshipribs.com/,chrissy.phillips@airshipribs.com,440-967-1073  ex1005,"1151 Sunnyside Rd, 44089,Vermilion, , OH"
Albemarle Boats,https://www.albemarleboats.com/,keith@albemarleboats.com,252-482-4369,"140 Midway Drive, 27932,Edenton, , NC"
Alexseal Yacht Coatings,https://www.alexseal.com/,Jeff.Grandgenett@alexseal.com,843-654-7755,"1200 Charleston Regional Pkwy, 29492,Charleston, , SC"
Allied Marine,https://www.alliedmarine.com/,crystal.castro@ferrettigroup.com,954-462-5527,"1445 SE 16th Street, 33316,Ft. Lauderdale, , FL"
All Ocean Yachts,https://www.buyexploreryachts.com/explorer-yachts-news.shtml,SteveR@alloceanyachts.com,305-216-8682,"1005 Marina Mile Blvd,Suite 444, 33315,Fort Lauderdale, , FL"
Alva Yachts,https://www.yachtsalesinternational.com/about-alva-yachts/,Info@yachtsalesinternational.com,954-642-2080,"400 SW 1st Ave,Suite 1, 33301,Fort Lauderdale, , FL, United States"
American Yacht Group,http://www.americanyachtgroup.com,wako@hcbyachts.com,502-762-3405,"1095 N Hwy A1A, 33477,Jupiter, , Flor, United States"
Americas Compressors,http://www.safetyfirstdiving.com/,buck@safetyfirstdiving.com,817-680-8795 Cell,"1005 Marina Mile Blvd.,Suite # 456, 33315,Fort Lauderdale, , FL"
Anchor Yacht Rentals,https://www.anchorrides.com/home,,,"Do Not Have,"
ANG Converters,https://angconverters.com,info@angconverters.com,954-368-3214,"3200 S. Andrews Ave.,Sutie 207, 33316,Ft Lauderdale, , FL"
Anvera USA,https://www.anvera.it/en/anvera-style/,info@anverausa.it,+39 3929850825,"1200 Brickell Avenue,Suite 800 #6, 33131,Miami, , FL"
10/10 Slicker Beaut,http://www.slickerbeaut.com,colton@slickerbeaut.com,954-366-8124,"1009 Cordova Road, 33316,Ft Lauderdale, , FL"
1 Ocean Yachts,http://www.1oceanyachts.com,jose@1oceanyachts.com,+1 305 491 7794,"1000 5th ST SUITE 200 – C10 , 33139,MIAMI BEACH, , FL, United States"
26 North Yachts,https://www.26northyachts.com/,staci@26northyachts.com,954-900-9988,"2525 Marina Bay Drive West, 33312,Ft. Lauderdale, , FL, United States"
Abaco Beach Resort & Boat Harbor Marina,https://abacobeachresort.com/,kevie.thomas@abacobeachresort.com,242-367-2158,"Bay St,Marsh Harbour, Abaco, Bahamas"
AB Inflatables USA,,jmendoza@abmarinegroup.com,+57 5 379 5132,"Calle 1 E #2-15 Bodega 9,Zona Franca De Barranquilla, 080004,Barranquilla, Atlantico, Colombia"
Absolute of Americas Inc.,https://www.absoluteyachts.com/en/,marketing@absoluteofamericas.com,954-842-6909,"509 Madison Ave.,Suite 1510, 10022,New York City, , NY"
ABT-Trac,https://abttrac.com/,rfellows@thrusters.com,707-586-3166,"517-A Martin Ave, 94928,Rohnert Park, , Cali, United States"
Acryfin Deck & Dock Coatings,https://acryfin.com/,drew@acryfin.com,239-826-3456,"2624 Providence St., 33916,Ft Myers, , FL"
AERE Marine Group,https://www.aeremarinegroup.com/,vicki@aeremarinegroup.com,954-345-2373,"12207 NW 35th Street, 33065,Coral Springs, , FL"
Airship Ribs,https://www.airshipribs.com/,chrissy.phillips@airshipribs.com,440-967-1073  ex1005,"1151 Sunnyside Rd, 44089,Vermilion, , OH"
Albemarle Boats,https://www.albemarleboats.com/,keith@albemarleboats.com,252-482-4369,"140 Midway Drive, 27932,Edenton, , NC"
Alexseal Yacht Coatings,https://www.alexseal.com/,Jeff.Grandgenett@alexseal.com,843-654-7755,"1200 Charleston Regional Pkwy, 29492,Charleston, , SC"
Allied Marine,https://www.alliedmarine.com/,crystal.castro@ferrettigroup.com,954-462-5527,"1445 SE 16th Street, 33316,Ft. Lauderdale, , FL"
All Ocean Yachts,https://www.buyexploreryachts.com/explorer-yachts-news.shtml,SteveR@alloceanyachts.com,305-216-8682,"1005 Marina Mile Blvd,Suite 444, 33315,Fort Lauderdale, , FL"
Alva Yachts,https://www.yachtsalesinternational.com/about-alva-yachts/,Info@yachtsalesinternational.com,954-642-2080,"400 SW 1st Ave,Suite 1, 33301,Fort Lauderdale, , FL, United States"
American Yacht Group,http://www.americanyachtgroup.com,wako@hcbyachts.com,502-762-3405,"1095 N Hwy A1A, 33477,Jupiter, , Flor, United States"
Americas Compressors,http://www.safetyfirstdiving.com/,buck@safetyfirstdiving.com,817-680-8795 Cell,"1005 Marina Mile Blvd.,Suite # 456, 33315,Fort Lauderdale, , FL"
Anchor Yacht Rentals,https://www.anchorrides.com/home,,,"Do Not Have,"
ANG Converters,https://angconverters.com,info@angconverters.com,954-368-3214,"3200 S. Andrews Ave.,Sutie 207, 33316,Ft Lauderdale, , FL"
Anvera USA,https://www.anvera.it/en/anvera-style/,info@anverausa.it,+39 3929850825,"1200 Brickell Avenue,Suite 800 #6, 33131,Miami, , FL"
10/10 Slicker Beaut,http://www.slickerbeaut.com,colton@slickerbeaut.com,954-366-8124,"1009 Cordova Road, 33316,Ft Lauderdale, , FL"
1 Ocean Yachts,http://www.1oceanyachts.com,jose@1oceanyachts.com,+1 305 491 7794,"1000 5th ST SUITE 200 – C10 , 33139,MIAMI BEACH, , FL, United States"
26 North Yachts,https://www.26northyachts.com/,staci@26northyachts.com,954-900-9988,"2525 Marina Bay Drive West, 33312,Ft. Lauderdale, , FL, United States"
Abaco Beach Resort & Boat Harbor Marina,https://abacobeachresort.com/,kevie.thomas@abacobeachresort.com,242-367-2158,"Bay St,Marsh Harbour, Abaco, Bahamas"
AB Inflatables USA,,jmendoza@abmarinegroup.com,+57 5 379 5132,"Calle 1 E #2-15 Bodega 9,Zona Franca De Barranquilla, 080004,Barranquilla, Atlantico, Colombia"
Absolute of Americas Inc.,https://www.absoluteyachts.com/en/,marketing@absoluteofamericas.com,954-842-6909,"509 Madison Ave.,Suite 1510, 10022,New York City, , NY"
ABT-Trac,https://abttrac.com/,rfellows@thrusters.com,707-586-3166,"517-A Martin Ave, 94928,Rohnert Park, , Cali, United States"
Acryfin Deck & Dock Coatings,https://acryfin.com/,drew@acryfin.com,239-826-3456,"2624 Providence St., 33916,Ft Myers, , FL"
AERE Marine Group,https://www.aeremarinegroup.com/,vicki@aeremarinegroup.com,954-345-2373,"12207 NW 35th Street, 33065,Coral Springs, , FL"
Airship Ribs,https://www.airshipribs.com/,chrissy.phillips@airshipribs.com,440-967-1073  ex1005,"1151 Sunnyside Rd, 44089,Vermilion, , OH"
Albemarle Boats,https://www.albemarleboats.com/,keith@albemarleboats.com,252-482-4369,"140 Midway Drive, 27932,Edenton, , NC"
Alexseal Yacht Coatings,https://www.alexseal.com/,Jeff.Grandgenett@alexseal.com,843-654-7755,"1200 Charleston Regional Pkwy, 29492,Charleston, , SC"
Allied Marine,https://www.alliedmarine.com/,crystal.castro@ferrettigroup.com,954-462-5527,"1445 SE 16th Street, 33316,Ft. Lauderdale, , FL"
All Ocean Yachts,https://www.buyexploreryachts.com/explorer-yachts-news.shtml,SteveR@alloceanyachts.com,305-216-8682,"1005 Marina Mile Blvd,Suite 444, 33315,Fort Lauderdale, , FL"
Alva Yachts,https://www.yachtsalesinternational.com/about-alva-yachts/,Info@yachtsalesinternational.com,954-642-2080,"400 SW 1st Ave,Suite 1, 33301,Fort Lauderdale, , FL, United States"
American Yacht Group,http://www.americanyachtgroup.com,wako@hcbyachts.com,502-762-3405,"1095 N Hwy A1A, 33477,Jupiter, , Flor, United States"
Americas Compressors,http://www.safetyfirstdiving.com/,buck@safetyfirstdiving.com,817-680-8795 Cell,"1005 Marina Mile Blvd.,Suite # 456, 33315,Fort Lauderdale, , FL"
Anchor Yacht Rentals,https://www.anchorrides.com/home,,,"Do Not Have,"
ANG Converters,https://angconverters.com,info@angconverters.com,954-368-3214,"3200 S. Andrews Ave.,Sutie 207, 33316,Ft Lauderdale, , FL"
Anvera USA,https://www.anvera.it/en/anvera-style/,info@anverausa.it,+39 3929850825,"1200 Brickell Avenue,Suite 800 #6, 33131,Miami, , FL"
10/10 Slicker Beaut,http://www.slickerbeaut.com,colton@slickerbeaut.com,954-366-8124,"1009 Cordova Road, 33316,Ft Lauderdale, , FL"
1 Ocean Yachts,http://www.1oceanyachts.com,jose@1oceanyachts.com,+1 305 491 7794,"1000 5th ST SUITE 200 – C10 , 33139,MIAMI BEACH, , FL, United States"
26 North Yachts,https://www.26northyachts.com/,staci@26northyachts.com,954-900-9988,"2525 Marina Bay Drive West, 33312,Ft. Lauderdale, , FL, United States"
Abaco Beach Resort & Boat Harbor Marina,https://abacobeachresort.com/,kevie.thomas@abacobeachresort.com,242-367-2158,"Bay St,Marsh Harbour, Abaco, Bahamas"
AB Inflatables USA,,jmendoza@abmarinegroup.com,+57 5 379 5132,"Calle 1 E #2-15 Bodega 9,Zona Franca De Barranquilla, 080004,Barranquilla, Atlantico, Colombia"
Absolute of Americas Inc.,https://www.absoluteyachts.com/en/,marketing@absoluteofamericas.com,954-842-6909,"509 Madison Ave.,Suite 1510, 10022,New York City, , NY"
ABT-Trac,https://abttrac.com/,rfellows@thrusters.com,707-586-3166,"517-A Martin Ave, 94928,Rohnert Park, , Cali, United States"
Acryfin Deck & Dock Coatings,https://acryfin.com/,drew@acryfin.com,239-826-3456,"2624 Providence St., 33916,Ft Myers, , FL"
AERE Marine Group,https://www.aeremarinegroup.com/,vicki@aeremarinegroup.com,954-345-2373,"12207 NW 35th Street, 33065,Coral Springs, , FL"
Airship Ribs,https://www.airshipribs.com/,chrissy.phillips@airshipribs.com,440-967-1073  ex1005,"1151 Sunnyside Rd, 44089,Vermilion, , OH"
Albemarle Boats,https://www.albemarleboats.com/,keith@albemarleboats.com,252-482-4369,"140 Midway Drive, 27932,Edenton, , NC"
Alexseal Yacht Coatings,https://www.alexseal.com/,Jeff.Grandgenett@alexseal.com,843-654-7755,"1200 Charleston Regional Pkwy, 29492,Charleston, , SC"
Allied Marine,https://www.alliedmarine.com/,crystal.castro@ferrettigroup.com,954-462-5527,"1445 SE 16th Street, 33316,Ft. Lauderdale, , FL"
All Ocean Yachts,https://www.buyexploreryachts.com/explorer-yachts-news.shtml,SteveR@alloceanyachts.com,305-216-8682,"1005 Marina Mile Blvd,Suite 444, 33315,Fort Lauderdale, , FL"
Alva Yachts,https://www.yachtsalesinternational.com/about-alva-yachts/,Info@yachtsalesinternational.com,954-642-2080,"400 SW 1st Ave,Suite 1, 33301,Fort Lauderdale, , FL, United States"
American Yacht Group,http://www.americanyachtgroup.com,wako@hcbyachts.com,502-762-3405,"1095 N Hwy A1A, 33477,Jupiter, , Flor, United States"
Americas Compressors,http://www.safetyfirstdiving.com/,buck@safetyfirstdiving.com,817-680-8795 Cell,"1005 Marina Mile Blvd.,Suite # 456, 33315,Fort Lauderdale, , FL"
Anchor Yacht Rentals,https://www.anchorrides.com/home,,,"Do Not Have,"
ANG Converters,https://angconverters.com,info@angconverters.com,954-368-3214,"3200 S. Andrews Ave.,Sutie 207, 33316,Ft Lauderdale, , FL"
Anvera USA,https://www.anvera.it/en/anvera-style/,info@anverausa.it,+39 3929850825,"1200 Brickell Avenue,Suite 800 #6, 33131,Miami, , FL"
10/10 Slicker Beaut,http://www.slickerbeaut.com,colton@slickerbeaut.com,954-366-8124,"1009 Cordova Road, 33316,Ft Lauderdale, , FL"
1 Ocean Yachts,http://www.1oceanyachts.com,jose@1oceanyachts.com,+1 305 491 7794,"1000 5th ST SUITE 200 – C10 , 33139,MIAMI BEACH, , FL, United States"
26 North Yachts,https://www.26northyachts.com/,staci@26northyachts.com,954-900-9988,"2525 Marina Bay Drive West, 33312,Ft. Lauderdale, , FL, United States"
Abaco Beach Resort & Boat Harbor Marina,https://abacobeachresort.com/,kevie.thomas@abacobeachresort.com,242-367-2158,"Bay St,Marsh Harbour, Abaco, Bahamas"
AB Inflatables USA,,jmendoza@abmarinegroup.com,+57 5 379 5132,"Calle 1 E #2-15 Bodega 9,Zona Franca De Barranquilla, 080004,Barranquilla, Atlantico, Colombia"
Absolute of Americas Inc.,https://www.absoluteyachts.com/en/,marketing@absoluteofamericas.com,954-842-6909,"509 Madison Ave.,Suite 1510, 10022,New York City, , NY"
ABT-Trac,https://abttrac.com/,rfellows@thrusters.com,707-586-3166,"517-A Martin Ave, 94928,Rohnert Park, , Cali, United States"
Acryfin Deck & Dock Coatings,https://acryfin.com/,drew@acryfin.com,239-826-3456,"2624 Providence St., 33916,Ft Myers, , FL"
AERE Marine Group,https://www.aeremarinegroup.com/,vicki@aeremarinegroup.com,954-345-2373,"12207 NW 35th Street, 33065,Coral Springs, , FL"
Airship Ribs,https://www.airshipribs.com/,chrissy.phillips@airshipribs.com,440-967-1073  ex1005,"1151 Sunnyside Rd, 44089,Vermilion, , OH"
Albemarle Boats,https://www.albemarleboats.com/,keith@albemarleboats.com,252-482-4369,"140 Midway Drive, 27932,Edenton, , NC"
Alexseal Yacht Coatings,https://www.alexseal.com/,Jeff.Grandgenett@alexseal.com,843-654-7755,"1200 Charleston Regional Pkwy, 29492,Charleston, , SC"
Allied Marine,https://www.alliedmarine.com/,crystal.castro@ferrettigroup.com,954-462-5527,"1445 SE 16th Street, 33316,Ft. Lauderdale, , FL"
All Ocean Yachts,https://www.buyexploreryachts.com/explorer-yachts-news.shtml,SteveR@alloceanyachts.com,305-216-8682,"1005 Marina Mile Blvd,Suite 444, 33315,Fort Lauderdale, , FL"
Alva Yachts,https://www.yachtsalesinternational.com/about-alva-yachts/,Info@yachtsalesinternational.com,954-642-2080,"400 SW 1st Ave,Suite 1, 33301,Fort Lauderdale, , FL, United States"
American Yacht Group,http://www.americanyachtgroup.com,wako@hcbyachts.com,502-762-3405,"1095 N Hwy A1A, 33477,Jupiter, , Flor, United States"
Americas Compressors,http://www.safetyfirstdiving.com/,buck@safetyfirstdiving.com,817-680-8795 Cell,"1005 Marina Mile Blvd.,Suite # 456, 33315,Fort Lauderdale, , FL"
Anchor Yacht Rentals,https://www.anchorrides.com/home,,,"Do Not Have,"
ANG Converters,https://angconverters.com,info@angconverters.com,954-368-3214,"3200 S. Andrews Ave.,Sutie 207, 33316,Ft Lauderdale, , FL"
Anvera USA,https://www.anvera.it/en/anvera-style/,info@anverausa.it,+39 3929850825,"1200 Brickell Avenue,Suite 800 #6, 33131,Miami, , FL"
10/10 Slicker Beaut,http://www.slickerbeaut.com,colton@slickerbeaut.com,954-366-8124,"1009 Cordova Road, 33316,Ft Lauderdale, , FL"
1 Ocean Yachts,http://www.1oceanyachts.com,jose@1oceanyachts.com,+1 305 491 7794,"1000 5th ST SUITE 200 – C10 , 33139,MIAMI BEACH, , FL, United States"
26 North Yachts,https://www.26northyachts.com/,staci@26northyachts.com,954-900-9988,"2525 Marina Bay Drive West, 33312,Ft. Lauderdale, , FL, United States"
Abaco Beach Resort & Boat Harbor Marina,https://abacobeachresort.com/,kevie.thomas@abacobeachresort.com,242-367-2158,"Bay St,Marsh Harbour, Abaco, Bahamas"
AB Inflatables USA,,jmendoza@abmarinegroup.com,+57 5 379 5132,"Calle 1 E #2-15 Bodega 9,Zona Franca De Barranquilla, 080004,Barranquilla, Atlantico, Colombia"
Absolute of Americas Inc.,https://www.absoluteyachts.com/en/,marketing@absoluteofamericas.com,954-842-6909,"509 Madison Ave.,Suite 1510, 10022,New York City, , NY"
ABT-Trac,https://abttrac.com/,rfellows@thrusters.com,707-586-3166,"517-A Martin Ave, 94928,Rohnert Park, , Cali, United States"
Acryfin Deck & Dock Coatings,https://acryfin.com/,drew@acryfin.com,239-826-3456,"2624 Providence St., 33916,Ft Myers, , FL"
AERE Marine Group,https://www.aeremarinegroup.com/,vicki@aeremarinegroup.com,954-345-2373,"12207 NW 35th Street, 33065,Coral Springs, , FL"
Airship Ribs,https://www.airshipribs.com/,chrissy.phillips@airshipribs.com,440-967-1073  ex1005,"1151 Sunnyside Rd, 44089,Vermilion, , OH"
Albemarle Boats,https://www.albemarleboats.com/,keith@albemarleboats.com,252-482-4369,"140 Midway Drive, 27932,Edenton, , NC"
Alexseal Yacht Coatings,https://www.alexseal.com/,Jeff.Grandgenett@alexseal.com,843-654-7755,"1200 Charleston Regional Pkwy, 29492,Charleston, , SC"
Allied Marine,https://www.alliedmarine.com/,crystal.castro@ferrettigroup.com,954-462-5527,"1445 SE 16th Street, 33316,Ft. Lauderdale, , FL"
All Ocean Yachts,https://www.buyexploreryachts.com/explorer-yachts-news.shtml,SteveR@alloceanyachts.com,305-216-8682,"1005 Marina Mile Blvd,Suite 444, 33315,Fort Lauderdale, , FL"
Alva Yachts,https://www.yachtsalesinternational.com/about-alva-yachts/,Info@yachtsalesinternational.com,954-642-2080,"400 SW 1st Ave,Suite 1, 33301,Fort Lauderdale, , FL, United States"
American Yacht Group,http://www.americanyachtgroup.com,wako@hcbyachts.com,502-762-3405,"1095 N Hwy A1A, 33477,Jupiter, , Flor, United States"
Americas Compressors,http://www.safetyfirstdiving.com/,buck@safetyfirstdiving.com,817-680-8795 Cell,"1005 Marina Mile Blvd.,Suite # 456, 33315,Fort Lauderdale, , FL"
Anchor Yacht Rentals,https://www.anchorrides.com/home,,,"Do Not Have,"
ANG Converters,https://angconverters.com,info@angconverters.com,954-368-3214,"3200 S. Andrews Ave.,Sutie 207, 33316,Ft Lauderdale, , FL"
Anvera USA,https://www.anvera.it/en/anvera-style/,info@anverausa.it,+39 3929850825,"1200 Brickell Avenue,Suite 800 #6, 33131,Miami, , FL"
10/10 Slicker Beaut,http://www.slickerbeaut.com,colton@slickerbeaut.com,954-366-8124,"1009 Cordova Road, 33316,Ft Lauderdale, , FL"
1 Ocean Yachts,http://www.1oceanyachts.com,jose@1oceanyachts.com,+1 305 491 7794,"1000 5th ST SUITE 200 – C10 , 33139,MIAMI BEACH, , FL, United States"
26 North Yachts,https://www.26northyachts.com/,staci@26northyachts.com,954-900-9988,"2525 Marina Bay Drive West, 33312,Ft. Lauderdale, , FL, United States"
Abaco Beach Resort & Boat Harbor Marina,https://abacobeachresort.com/,kevie.thomas@abacobeachresort.com,242-367-2158,"Bay St,Marsh Harbour, Abaco, Bahamas"
AB Inflatables USA,,jmendoza@abmarinegroup.com,+57 5 379 5132,"Calle 1 E #2-15 Bodega 9,Zona Franca De Barranquilla, 080004,Barranquilla, Atlantico, Colombia"
Absolute of Americas Inc.,https://www.absoluteyachts.com/en/,marketing@absoluteofamericas.com,954-842-6909,"509 Madison Ave.,Suite 1510, 10022,New York City, , NY"
ABT-Trac,https://abttrac.com/,rfellows@thrusters.com,707-586-3166,"517-A Martin Ave, 94928,Rohnert Park, , Cali, United States"
Acryfin Deck & Dock Coatings,https://acryfin.com/,drew@acryfin.com,239-826-3456,"2624 Providence St., 33916,Ft Myers, , FL"
AERE Marine Group,https://www.aeremarinegroup.com/,vicki@aeremarinegroup.com,954-345-2373,"12207 NW 35th Street, 33065,Coral Springs, , FL"
Airship Ribs,https://www.airshipribs.com/,chrissy.phillips@airshipribs.com,440-967-1073  ex1005,"1151 Sunnyside Rd, 44089,Vermilion, , OH"
Albemarle Boats,https://www.albemarleboats.com/,keith@albemarleboats.com,252-482-4369,"140 Midway Drive, 27932,Edenton, , NC"
Alexseal Yacht Coatings,https://www.alexseal.com/,Jeff.Grandgenett@alexseal.com,843-654-7755,"1200 Charleston Regional Pkwy, 29492,Charleston, , SC"
Allied Marine,https://www.alliedmarine.com/,crystal.castro@ferrettigroup.com,954-462-5527,"1445 SE 16th Street, 33316,Ft. Lauderdale, , FL"
All Ocean Yachts,https://www.buyexploreryachts.com/explorer-yachts-news.shtml,SteveR@alloceanyachts.com,305-216-8682,"1005 Marina Mile Blvd,Suite 444, 33315,Fort Lauderdale, , FL"
Alva Yachts,https://www.yachtsalesinternational.com/about-alva-yachts/,Info@yachtsalesinternational.com,954-642-2080,"400 SW 1st Ave,Suite 1, 33301,Fort Lauderdale, , FL, United States"
American Yacht Group,http://www.americanyachtgroup.com,wako@hcbyachts.com,502-762-3405,"1095 N Hwy A1A, 33477,Jupiter, , Flor, United States"
Americas Compressors,http://www.safetyfirstdiving.com/,buck@safetyfirstdiving.com,817-680-8795 Cell,"1005 Marina Mile Blvd.,Suite # 456, 33315,Fort Lauderdale, , FL"
Anchor Yacht Rentals,https://www.anchorrides.com/home,,,"Do Not Have,"
ANG Converters,https://angconverters.com,info@angconverters.com,954-368-3214,"3200 S. Andrews Ave.,Sutie 207, 33316,Ft Lauderdale, , FL"
Anvera USA,https://www.anvera.it/en/anvera-style/,info@anverausa.it,+39 3929850825,"1200 Brickell Avenue,Suite 800 #6, 33131,Miami, , FL"
10/10 Slicker Beaut,http://www.slickerbeaut.com,colton@slickerbeaut.com,954-366-8124,"1009 Cordova Road, 33316,Ft Lauderdale, , FL"
1 Ocean Yachts,http://www.1oceanyachts.com,jose@1oceanyachts.com,+1 305 491 7794,"1000 5th ST SUITE 200 – C10 , 33139,MIAMI BEACH, , FL, United States"
26 North Yachts,https://www.26northyachts.com/,staci@26northyachts.com,954-900-9988,"2525 Marina Bay Drive West, 33312,Ft. Lauderdale, , FL, United States"
Abaco Beach Resort & Boat Harbor Marina,https://abacobeachresort.com/,kevie.thomas@abacobeachresort.com,242-367-2158,"Bay St,Marsh Harbour, Abaco, Bahamas"
AB Inflatables USA,,jmendoza@abmarinegroup.com,+57 5 379 5132,"Calle 1 E #2-15 Bodega 9,Zona Franca De Barranquilla, 080004,Barranquilla, Atlantico, Colombia"
Absolute of Americas Inc.,https://www.absoluteyachts.com/en/,marketing@absoluteofamericas.com,954-842-6909,"509 Madison Ave.,Suite 1510, 10022,New York City, , NY"
ABT-Trac,https://abttrac.com/,rfellows@thrusters.com,707-586-3166,"517-A Martin Ave, 94928,Rohnert Park, , Cali, United States"
Acryfin Deck & Dock Coatings,https://acryfin.com/,drew@acryfin.com,239-826-3456,"2624 Providence St., 33916,Ft Myers, , FL"
AERE Marine Group,https://www.aeremarinegroup.com/,vicki@aeremarinegroup.com,954-345-2373,"12207 NW 35th Street, 33065,Coral Springs, , FL"
Airship Ribs,https://www.airshipribs.com/,chrissy.phillips@airshipribs.com,440-967-1073  ex1005,"1151 Sunnyside Rd, 44089,Vermilion, , OH"
Albemarle Boats,https://www.albemarleboats.com/,keith@albemarleboats.com,252-482-4369,"140 Midway Drive, 27932,Edenton, , NC"
Alexseal Yacht Coatings,https://www.alexseal.com/,Jeff.Grandgenett@alexseal.com,843-654-7755,"1200 Charleston Regional Pkwy, 29492,Charleston, , SC"
Allied Marine,https://www.alliedmarine.com/,crystal.castro@ferrettigroup.com,954-462-5527,"1445 SE 16th Street, 33316,Ft. Lauderdale, , FL"
All Ocean Yachts,https://www.buyexploreryachts.com/explorer-yachts-news.shtml,SteveR@alloceanyachts.com,305-216-8682,"1005 Marina Mile Blvd,Suite 444, 33315,Fort Lauderdale, , FL"
Alva Yachts,https://www.yachtsalesinternational.com/about-alva-yachts/,Info@yachtsalesinternational.com,954-642-2080,"400 SW 1st Ave,Suite 1, 33301,Fort Lauderdale, , FL, United States"
American Yacht Group,http://www.americanyachtgroup.com,wako@hcbyachts.com,502-762-3405,"1095 N Hwy A1A, 33477,Jupiter, , Flor, United States"
Americas Compressors,http://www.safetyfirstdiving.com/,buck@safetyfirstdiving.com,817-680-8795 Cell,"1005 Marina Mile Blvd.,Suite # 456, 33315,Fort Lauderdale, , FL"
Anchor Yacht Rentals,https://www.anchorrides.com/home,,,"Do Not Have,"
ANG Converters,https://angconverters.com,info@angconverters.com,954-368-3214,"3200 S. Andrews Ave.,Sutie 207, 33316,Ft Lauderdale, , FL"
Anvera USA,https://www.anvera.it/en/anvera-style/,info@anverausa.it,+39 3929850825,"1200 Brickell Avenue,Suite 800 #6, 33131,Miami, , FL"
10/10 Slicker Beaut,http://www.slickerbeaut.com,colton@slickerbeaut.com,954-366-8124,"1009 Cordova Road, 33316,Ft Lauderdale, , FL"
1 Ocean Yachts,http://www.1oceanyachts.com,jose@1oceanyachts.com,+1 305 491 7794,"1000 5th ST SUITE 200 – C10 , 33139,MIAMI BEACH, , FL, United States"
26 North Yachts,https://www.26northyachts.com/,staci@26northyachts.com,954-900-9988,"2525 Marina Bay Drive West, 33312,Ft. Lauderdale, , FL, United States"
Abaco Beach Resort & Boat Harbor Marina,https://abacobeachresort.com/,kevie.thomas@abacobeachresort.com,242-367-2158,"Bay St,Marsh Harbour, Abaco, Bahamas"
AB Inflatables USA,,jmendoza@abmarinegroup.com,+57 5 379 5132,"Calle 1 E #2-15 Bodega 9,Zona Franca De Barranquilla, 080004,Barranquilla, Atlantico, Colombia"
Absolute of Americas Inc.,https://www.absoluteyachts.com/en/,marketing@absoluteofamericas.com,954-842-6909,"509 Madison Ave.,Suite 1510, 10022,New York City, , NY"
ABT-Trac,https://abttrac.com/,rfellows@thrusters.com,707-586-3166,"517-A Martin Ave, 94928,Rohnert Park, , Cali, United States"
Acryfin Deck & Dock Coatings,https://acryfin.com/,drew@acryfin.com,239-826-3456,"2624 Providence St., 33916,Ft Myers, , FL"
AERE Marine Group,https://www.aeremarinegroup.com/,vicki@aeremarinegroup.com,954-345-2373,"12207 NW 35th Street, 33065,Coral Springs, , FL"
Airship Ribs,https://www.airshipribs.com/,chrissy.phillips@airshipribs.com,440-967-1073  ex1005,"1151 Sunnyside Rd, 44089,Vermilion, , OH"
Albemarle Boats,https://www.albemarleboats.com/,keith@albemarleboats.com,252-482-4369,"140 Midway Drive, 27932,Edenton, , NC"
Alexseal Yacht Coatings,https://www.alexseal.com/,Jeff.Grandgenett@alexseal.com,843-654-7755,"1200 Charleston Regional Pkwy, 29492,Charleston, , SC"
Allied Marine,https://www.alliedmarine.com/,crystal.castro@ferrettigroup.com,954-462-5527,"1445 SE 16th Street, 33316,Ft. Lauderdale, , FL"
All Ocean Yachts,https://www.buyexploreryachts.com/explorer-yachts-news.shtml,SteveR@alloceanyachts.com,305-216-8682,"1005 Marina Mile Blvd,Suite 444, 33315,Fort Lauderdale, , FL"
Alva Yachts,https://www.yachtsalesinternational.com/about-alva-yachts/,Info@yachtsalesinternational.com,954-642-2080,"400 SW 1st Ave,Suite 1, 33301,Fort Lauderdale, , FL, United States"
American Yacht Group,http://www.americanyachtgroup.com,wako@hcbyachts.com,502-762-3405,"1095 N Hwy A1A, 33477,Jupiter, , Flor, United States"
Americas Compressors,http://www.safetyfirstdiving.com/,buck@safetyfirstdiving.com,817-680-8795 Cell,"1005 Marina Mile Blvd.,Suite # 456, 33315,Fort Lauderdale, , FL"
Anchor Yacht Rentals,https://www.anchorrides.com/home,,,"Do Not Have,"
ANG Converters,https://angconverters.com,info@angconverters.com,954-368-3214,"3200 S. Andrews Ave.,Sutie 207, 33316,Ft Lauderdale, , FL"
Anvera USA,https://www.anvera.it/en/anvera-style/,info@anverausa.it,+39 3929850825,"1200 Brickell Avenue,Suite 800 #6, 33131,Miami, , FL"
10/10 Slicker Beaut,http://www.slickerbeaut.com,colton@slickerbeaut.com,954-366-8124,"1009 Cordova Road, 33316,Ft Lauderdale, , FL"
1 Ocean Yachts,http://www.1oceanyachts.com,jose@1oceanyachts.com,+1 305 491 7794,"1000 5th ST SUITE 200 – C10 , 33139,MIAMI BEACH, , FL, United States"
26 North Yachts,https://www.26northyachts.com/,staci@26northyachts.com,954-900-9988,"2525 Marina Bay Drive West, 33312,Ft. Lauderdale, , FL, United States"
Abaco Beach Resort & Boat Harbor Marina,https://abacobeachresort.com/,kevie.thomas@abacobeachresort.com,242-367-2158,"Bay St,Marsh Harbour, Abaco, Bahamas"
AB Inflatables USA,,jmendoza@abmarinegroup.com,+57 5 379 5132,"Calle 1 E #2-15 Bodega 9,Zona Franca De Barranquilla, 080004,Barranquilla, Atlantico, Colombia"
Absolute of Americas Inc.,https://www.absoluteyachts.com/en/,marketing@absoluteofamericas.com,954-842-6909,"509 Madison Ave.,Suite 1510, 10022,New York City, , NY"
ABT-Trac,https://abttrac.com/,rfellows@thrusters.com,707-586-3166,"517-A Martin Ave, 94928,Rohnert Park, , Cali, United States"
Acryfin Deck & Dock Coatings,https://acryfin.com/,drew@acryfin.com,239-826-3456,"2624 Providence St., 33916,Ft Myers, , FL"
AERE Marine Group,https://www.aeremarinegroup.com/,vicki@aeremarinegroup.com,954-345-2373,"12207 NW 35th Street, 33065,Coral Springs, , FL"
Airship Ribs,https://www.airshipribs.com/,chrissy.phillips@airshipribs.com,440-967-1073  ex1005,"1151 Sunnyside Rd, 44089,Vermilion, , OH"
Albemarle Boats,https://www.albemarleboats.com/,keith@albemarleboats.com,252-482-4369,"140 Midway Drive, 27932,Edenton, , NC"
Alexseal Yacht Coatings,https://www.alexseal.com/,Jeff.Grandgenett@alexseal.com,843-654-7755,"1200 Charleston Regional Pkwy, 29492,Charleston, , SC"
Allied Marine,https://www.alliedmarine.com/,crystal.castro@ferrettigroup.com,954-462-5527,"1445 SE 16th Street, 33316,Ft. Lauderdale, , FL"
All Ocean Yachts,https://www.buyexploreryachts.com/explorer-yachts-news.shtml,SteveR@alloceanyachts.com,305-216-8682,"1005 Marina Mile Blvd,Suite 444, 33315,Fort Lauderdale, , FL"
Alva Yachts,https://www.yachtsalesinternational.com/about-alva-yachts/,Info@yachtsalesinternational.com,954-642-2080,"400 SW 1st Ave,Suite 1, 33301,Fort Lauderdale, , FL, United States"
American Yacht Group,http://www.americanyachtgroup.com,wako@hcbyachts.com,502-762-3405,"1095 N Hwy A1A, 33477,Jupiter, , Flor, United States"
Americas Compressors,http://www.safetyfirstdiving.com/,buck@safetyfirstdiving.com,817-680-8795 Cell,"1005 Marina Mile Blvd.,Suite # 456, 33315,Fort Lauderdale, , FL"
Anchor Yacht Rentals,https://www.anchorrides.com/home,,,"Do Not Have,"
ANG Converters,https://angconverters.com,info@angconverters.com,954-368-3214,"3200 S. Andrews Ave.,Sutie 207, 33316,Ft Lauderdale, , FL"
Anvera USA,https://www.anvera.it/en/anvera-style/,info@anverausa.it,+39 3929850825,"1200 Brickell Avenue,Suite 800 #6, 33131,Miami, , FL"
10/10 Slicker Beaut,http://www.slickerbeaut.com,colton@slickerbeaut.com,954-366-8124,"1009 Cordova Road, 33316,Ft Lauderdale, , FL"
1 Ocean Yachts,http://www.1oceanyachts.com,jose@1oceanyachts.com,+1 305 491 7794,"1000 5th ST SUITE 200 – C10 , 33139,MIAMI BEACH, , FL, United States"
26 North Yachts,https://www.26northyachts.com/,staci@26northyachts.com,954-900-9988,"2525 Marina Bay Drive West, 33312,Ft. Lauderdale, , FL, United States"
Abaco Beach Resort & Boat Harbor Marina,https://abacobeachresort.com/,kevie.thomas@abacobeachresort.com,242-367-2158,"Bay St,Marsh Harbour, Abaco, Bahamas"
AB Inflatables USA,,jmendoza@abmarinegroup.com,+57 5 379 5132,"Calle 1 E #2-15 Bodega 9,Zona Franca De Barranquilla, 080004,Barranquilla, Atlantico, Colombia"
Absolute of Americas Inc.,https://www.absoluteyachts.com/en/,marketing@absoluteofamericas.com,954-842-6909,"509 Madison Ave.,Suite 1510, 10022,New York City, , NY"
ABT-Trac,https://abttrac.com/,rfellows@thrusters.com,707-586-3166,"517-A Martin Ave, 94928,Rohnert Park, , Cali, United States"
Acryfin Deck & Dock Coatings,https://acryfin.com/,drew@acryfin.com,239-826-3456,"2624 Providence St., 33916,Ft Myers, , FL"
AERE Marine Group,https://www.aeremarinegroup.com/,vicki@aeremarinegroup.com,954-345-2373,"12207 NW 35th Street, 33065,Coral Springs, , FL"
Airship Ribs,https://www.airshipribs.com/,chrissy.phillips@airshipribs.com,440-967-1073  ex1005,"1151 Sunnyside Rd, 44089,Vermilion, , OH"
Albemarle Boats,https://www.albemarleboats.com/,keith@albemarleboats.com,252-482-4369,"140 Midway Drive, 27932,Edenton, , NC"
Alexseal Yacht Coatings,https://www.alexseal.com/,Jeff.Grandgenett@alexseal.com,843-654-7755,"1200 Charleston Regional Pkwy, 29492,Charleston, , SC"
Allied Marine,https://www.alliedmarine.com/,crystal.castro@ferrettigroup.com,954-462-5527,"1445 SE 16th Street, 33316,Ft. Lauderdale, , FL"
All Ocean Yachts,https://www.buyexploreryachts.com/explorer-yachts-news.shtml,SteveR@alloceanyachts.com,305-216-8682,"1005 Marina Mile Blvd,Suite 444, 33315,Fort Lauderdale, , FL"
Alva Yachts,https://www.yachtsalesinternational.com/about-alva-yachts/,Info@yachtsalesinternational.com,954-642-2080,"400 SW 1st Ave,Suite 1, 33301,Fort Lauderdale, , FL, United States"
American Yacht Group,http://www.americanyachtgroup.com,wako@hcbyachts.com,502-762-3405,"1095 N Hwy A1A, 33477,Jupiter, , Flor, United States"
Americas Compressors,http://www.safetyfirstdiving.com/,buck@safetyfirstdiving.com,817-680-8795 Cell,"1005 Marina Mile Blvd.,Suite # 456, 33315,Fort Lauderdale, , FL"
Anchor Yacht Rentals,https://www.anchorrides.com/home,,,"Do Not Have,"
ANG Converters,https://angconverters.com,info@angconverters.com,954-368-3214,"3200 S. Andrews Ave.,Sutie 207, 33316,Ft Lauderdale, , FL"
Anvera USA,https://www.anvera.it/en/anvera-style/,info@anverausa.it,+39 3929850825,"1200 Brickell Avenue,Suite 800 #6, 33131,Miami, , FL"
10/10 Slicker Beaut,http://www.slickerbeaut.com,colton@slickerbeaut.com,954-366-8124,"1009 Cordova Road, 33316,Ft Lauderdale, , FL"
1 Ocean Yachts,http://www.1oceanyachts.com,jose@1oceanyachts.com,+1 305 491 7794,"1000 5th ST SUITE 200 – C10 , 33139,MIAMI BEACH, , FL, United States"
26 North Yachts,https://www.26northyachts.com/,staci@26northyachts.com,954-900-9988,"2525 Marina Bay Drive West, 33312,Ft. Lauderdale, , FL, United States"
Abaco Beach Resort & Boat Harbor Marina,https://abacobeachresort.com/,kevie.thomas@abacobeachresort.com,242-367-2158,"Bay St,Marsh Harbour, Abaco, Bahamas"
AB Inflatables USA,,jmendoza@abmarinegroup.com,+57 5 379 5132,"Calle 1 E #2-15 Bodega 9,Zona Franca De Barranquilla, 080004,Barranquilla, Atlantico, Colombia"
Absolute of Americas Inc.,https://www.absoluteyachts.com/en/,marketing@absoluteofamericas.com,954-842-6909,"509 Madison Ave.,Suite 1510, 10022,New York City, , NY"
ABT-Trac,https://abttrac.com/,rfellows@thrusters.com,707-586-3166,"517-A Martin Ave, 94928,Rohnert Park, , Cali, United States"
Acryfin Deck & Dock Coatings,https://acryfin.com/,drew@acryfin.com,239-826-3456,"2624 Providence St., 33916,Ft Myers, , FL"
AERE Marine Group,https://www.aeremarinegroup.com/,vicki@aeremarinegroup.com,954-345-2373,"12207 NW 35th Street, 33065,Coral Springs, , FL"
Airship Ribs,https://www.airshipribs.com/,chrissy.phillips@airshipribs.com,440-967-1073  ex1005,"1151 Sunnyside Rd, 44089,Vermilion, , OH"
Albemarle Boats,https://www.albemarleboats.com/,keith@albemarleboats.com,252-482-4369,"140 Midway Drive, 27932,Edenton, , NC"
Alexseal Yacht Coatings,https://www.alexseal.com/,Jeff.Grandgenett@alexseal.com,843-654-7755,"1200 Charleston Regional Pkwy, 29492,Charleston, , SC"
Allied Marine,https://www.alliedmarine.com/,crystal.castro@ferrettigroup.com,954-462-5527,"1445 SE 16th Street, 33316,Ft. Lauderdale, , FL"
All Ocean Yachts,https://www.buyexploreryachts.com/explorer-yachts-news.shtml,SteveR@alloceanyachts.com,305-216-8682,"1005 Marina Mile Blvd,Suite 444, 33315,Fort Lauderdale, , FL"
Alva Yachts,https://www.yachtsalesinternational.com/about-alva-yachts/,Info@yachtsalesinternational.com,954-642-2080,"400 SW 1st Ave,Suite 1, 33301,Fort Lauderdale, , FL, United States"
American Yacht Group,http://www.americanyachtgroup.com,wako@hcbyachts.com,502-762-3405,"1095 N Hwy A1A, 33477,Jupiter, , Flor, United States"
Americas Compressors,http://www.safetyfirstdiving.com/,buck@safetyfirstdiving.com,817-680-8795 Cell,"1005 Marina Mile Blvd.,Suite # 456, 33315,Fort Lauderdale, , FL"
Anchor Yacht Rentals,https://www.anchorrides.com/home,,,"Do Not Have,"
ANG Converters,https://angconverters.com,info@angconverters.com,954-368-3214,"3200 S. Andrews Ave.,Sutie 207, 33316,Ft Lauderdale, , FL"
Anvera USA,https://www.anvera.it/en/anvera-style/,info@anverausa.it,+39 3929850825,"1200 Brickell Avenue,Suite 800 #6, 33131,Miami, , FL"
10/10 Slicker Beaut,http://www.slickerbeaut.com,colton@slickerbeaut.com,954-366-8124,"1009 Cordova Road, 33316,Ft Lauderdale, , FL"
1 Ocean Yachts,http://www.1oceanyachts.com,jose@1oceanyachts.com,+1 305 491 7794,"1000 5th ST SUITE 200 – C10 , 33139,MIAMI BEACH, , FL, United States"
26 North Yachts,https://www.26northyachts.com/,staci@26northyachts.com,954-900-9988,"2525 Marina Bay Drive West, 33312,Ft. Lauderdale, , FL, United States"
Abaco Beach Resort & Boat Harbor Marina,https://abacobeachresort.com/,kevie.thomas@abacobeachresort.com,242-367-2158,"Bay St,Marsh Harbour, Abaco, Bahamas"
AB Inflatables USA,,jmendoza@abmarinegroup.com,+57 5 379 5132,"Calle 1 E #2-15 Bodega 9,Zona Franca De Barranquilla, 080004,Barranquilla, Atlantico, Colombia"
Absolute of Americas Inc.,https://www.absoluteyachts.com/en/,marketing@absoluteofamericas.com,954-842-6909,"509 Madison Ave.,Suite 1510, 10022,New York City, , NY"
ABT-Trac,https://abttrac.com/,rfellows@thrusters.com,707-586-3166,"517-A Martin Ave, 94928,Rohnert Park, , Cali, United States"
Acryfin Deck & Dock Coatings,https://acryfin.com/,drew@acryfin.com,239-826-3456,"2624 Providence St., 33916,Ft Myers, , FL"
AERE Marine Group,https://www.aeremarinegroup.com/,vicki@aeremarinegroup.com,954-345-2373,"12207 NW 35th Street, 33065,Coral Springs, , FL"
Airship Ribs,https://www.airshipribs.com/,chrissy.phillips@airshipribs.com,440-967-1073  ex1005,"1151 Sunnyside Rd, 44089,Vermilion, , OH"
Albemarle Boats,https://www.albemarleboats.com/,keith@albemarleboats.com,252-482-4369,"140 Midway Drive, 27932,Edenton, , NC"
Alexseal Yacht Coatings,https://www.alexseal.com/,Jeff.Grandgenett@alexseal.com,843-654-7755,"1200 Charleston Regional Pkwy, 29492,Charleston, , SC"
Allied Marine,https://www.alliedmarine.com/,crystal.castro@ferrettigroup.com,954-462-5527,"1445 SE 16th Street, 33316,Ft. Lauderdale, , FL"
All Ocean Yachts,https://www.buyexploreryachts.com/explorer-yachts-news.shtml,SteveR@alloceanyachts.com,305-216-8682,"1005 Marina Mile Blvd,Suite 444, 33315,Fort Lauderdale, , FL"
Alva Yachts,https://www.yachtsalesinternational.com/about-alva-yachts/,Info@yachtsalesinternational.com,954-642-2080,"400 SW 1st Ave,Suite 1, 33301,Fort Lauderdale, , FL, United States"
American Yacht Group,http://www.americanyachtgroup.com,wako@hcbyachts.com,502-762-3405,"1095 N Hwy A1A, 33477,Jupiter, , Flor, United States"
Americas Compressors,http://www.safetyfirstdiving.com/,buck@safetyfirstdiving.com,817-680-8795 Cell,"1005 Marina Mile Blvd.,Suite # 456, 33315,Fort Lauderdale, , FL"
Anchor Yacht Rentals,https://www.anchorrides.com/home,,,"Do Not Have,"
ANG Converters,https://angconverters.com,info@angconverters.com,954-368-3214,"3200 S. Andrews Ave.,Sutie 207, 33316,Ft Lauderdale, , FL"
Anvera USA,https://www.anvera.it/en/anvera-style/,info@anverausa.it,+39 3929850825,"1200 Brickell Avenue,Suite 800 #6, 33131,Miami, , FL"
10/10 Slicker Beaut,http://www.slickerbeaut.com,colton@slickerbeaut.com,954-366-8124,"1009 Cordova Road, 33316,Ft Lauderdale, , FL"
1 Ocean Yachts,http://www.1oceanyachts.com,jose@1oceanyachts.com,+1 305 491 7794,"1000 5th ST SUITE 200 – C10 , 33139,MIAMI BEACH, , FL, United States"
26 North Yachts,https://www.26northyachts.com/,staci@26northyachts.com,954-900-9988,"2525 Marina Bay Drive West, 33312,Ft. Lauderdale, , FL, United States"
Abaco Beach Resort & Boat Harbor Marina,https://abacobeachresort.com/,kevie.thomas@abacobeachresort.com,242-367-2158,"Bay St,Marsh Harbour, Abaco, Bahamas"
AB Inflatables USA,,jmendoza@abmarinegroup.com,+57 5 379 5132,"Calle 1 E #2-15 Bodega 9,Zona Franca De Barranquilla, 080004,Barranquilla, Atlantico, Colombia"
Absolute of Americas Inc.,https://www.absoluteyachts.com/en/,marketing@absoluteofamericas.com,954-842-6909,"509 Madison Ave.,Suite 1510, 10022,New York City, , NY"
ABT-Trac,https://abttrac.com/,rfellows@thrusters.com,707-586-3166,"517-A Martin Ave, 94928,Rohnert Park, , Cali, United States"
Acryfin Deck & Dock Coatings,https://acryfin.com/,drew@acryfin.com,239-826-3456,"2624 Providence St., 33916,Ft Myers, , FL"
AERE Marine Group,https://www.aeremarinegroup.com/,vicki@aeremarinegroup.com,954-345-2373,"12207 NW 35th Street, 33065,Coral Springs, , FL"
Airship Ribs,https://www.airshipribs.com/,chrissy.phillips@airshipribs.com,440-967-1073  ex1005,"1151 Sunnyside Rd, 44089,Vermilion, , OH"
Albemarle Boats,https://www.albemarleboats.com/,keith@albemarleboats.com,252-482-4369,"140 Midway Drive, 27932,Edenton, , NC"
Alexseal Yacht Coatings,https://www.alexseal.com/,Jeff.Grandgenett@alexseal.com,843-654-7755,"1200 Charleston Regional Pkwy, 29492,Charleston, , SC"
Allied Marine,https://www.alliedmarine.com/,crystal.castro@ferrettigroup.com,954-462-5527,"1445 SE 16th Street, 33316,Ft. Lauderdale, , FL"
All Ocean Yachts,https://www.buyexploreryachts.com/explorer-yachts-news.shtml,SteveR@alloceanyachts.com,305-216-8682,"1005 Marina Mile Blvd,Suite 444, 33315,Fort Lauderdale, , FL"
Alva Yachts,https://www.yachtsalesinternational.com/about-alva-yachts/,Info@yachtsalesinternational.com,954-642-2080,"400 SW 1st Ave,Suite 1, 33301,Fort Lauderdale, , FL, United States"
American Yacht Group,http://www.americanyachtgroup.com,wako@hcbyachts.com,502-762-3405,"1095 N Hwy A1A, 33477,Jupiter, , Flor, United States"
Americas Compressors,http://www.safetyfirstdiving.com/,buck@safetyfirstdiving.com,817-680-8795 Cell,"1005 Marina Mile Blvd.,Suite # 456, 33315,Fort Lauderdale, , FL"
Anchor Yacht Rentals,https://www.anchorrides.com/home,,,"Do Not Have,"
ANG Converters,https://angconverters.com,info@angconverters.com,954-368-3214,"3200 S. Andrews Ave.,Sutie 207, 33316,Ft Lauderdale, , FL"
Anvera USA,https://www.anvera.it/en/anvera-style/,info@anverausa.it,+39 3929850825,"1200 Brickell Avenue,Suite 800 #6, 33131,Miami, , FL"
10/10 Slicker Beaut,http://www.slickerbeaut.com,colton@slickerbeaut.com,954-366-8124,"1009 Cordova Road, 33316,Ft Lauderdale, , FL"
1 Ocean Yachts,http://www.1oceanyachts.com,jose@1oceanyachts.com,+1 305 491 7794,"1000 5th ST SUITE 200 – C10 , 33139,MIAMI BEACH, , FL, United States"
26 North Yachts,https://www.26northyachts.com/,staci@26northyachts.com,954-900-9988,"2525 Marina Bay Drive West, 33312,Ft. Lauderdale, , FL, United States"
Abaco Beach Resort & Boat Harbor Marina,https://abacobeachresort.com/,kevie.thomas@abacobeachresort.com,242-367-2158,"Bay St,Marsh Harbour, Abaco, Bahamas"
AB Inflatables USA,,jmendoza@abmarinegroup.com,+57 5 379 5132,"Calle 1 E #2-15 Bodega 9,Zona Franca De Barranquilla, 080004,Barranquilla, Atlantico, Colombia"
Absolute of Americas Inc.,https://www.absoluteyachts.com/en/,marketing@absoluteofamericas.com,954-842-6909,"509 Madison Ave.,Suite 1510, 10022,New York City, , NY"
ABT-Trac,https://abttrac.com/,rfellows@thrusters.com,707-586-3166,"517-A Martin Ave, 94928,Rohnert Park, , Cali, United States"
Acryfin Deck & Dock Coatings,https://acryfin.com/,drew@acryfin.com,239-826-3456,"2624 Providence St., 33916,Ft Myers, , FL"
AERE Marine Group,https://www.aeremarinegroup.com/,vicki@aeremarinegroup.com,954-345-2373,"12207 NW 35th Street, 33065,Coral Springs, , FL"
Airship Ribs,https://www.airshipribs.com/,chrissy.phillips@airshipribs.com,440-967-1073  ex1005,"1151 Sunnyside Rd, 44089,Vermilion, , OH"
Albemarle Boats,https://www.albemarleboats.com/,keith@albemarleboats.com,252-482-4369,"140 Midway Drive, 27932,Edenton, , NC"
Alexseal Yacht Coatings,https://www.alexseal.com/,Jeff.Grandgenett@alexseal.com,843-654-7755,"1200 Charleston Regional Pkwy, 29492,Charleston, , SC"
Allied Marine,https://www.alliedmarine.com/,crystal.castro@ferrettigroup.com,954-462-5527,"1445 SE 16th Street, 33316,Ft. Lauderdale, , FL"
All Ocean Yachts,https://www.buyexploreryachts.com/explorer-yachts-news.shtml,SteveR@alloceanyachts.com,305-216-8682,"1005 Marina Mile Blvd,Suite 444, 33315,Fort Lauderdale, , FL"
Alva Yachts,https://www.yachtsalesinternational.com/about-alva-yachts/,Info@yachtsalesinternational.com,954-642-2080,"400 SW 1st Ave,Suite 1, 33301,Fort Lauderdale, , FL, United States"
American Yacht Group,http://www.americanyachtgroup.com,wako@hcbyachts.com,502-762-3405,"1095 N Hwy A1A, 33477,Jupiter, , Flor, United States"
Americas Compressors,http://www.safetyfirstdiving.com/,buck@safetyfirstdiving.com,817-680-8795 Cell,"1005 Marina Mile Blvd.,Suite # 456, 33315,Fort Lauderdale, , FL"
Anchor Yacht Rentals,https://www.anchorrides.com/home,,,"Do Not Have,"
ANG Converters,https://angconverters.com,info@angconverters.com,954-368-3214,"3200 S. Andrews Ave.,Sutie 207, 33316,Ft Lauderdale, , FL"
Anvera USA,https://www.anvera.it/en/anvera-style/,info@anverausa.it,+39 3929850825,"1200 Brickell Avenue,Suite 800 #6, 33131,Miami, , FL"
10/10 Slicker Beaut,http://www.slickerbeaut.com,colton@slickerbeaut.com,954-366-8124,"1009 Cordova Road, 33316,Ft Lauderdale, , FL"
1 Ocean Yachts,http://www.1oceanyachts.com,jose@1oceanyachts.com,+1 305 491 7794,"1000 5th ST SUITE 200 – C10 , 33139,MIAMI BEACH, , FL, United States"
26 North Yachts,https://www.26northyachts.com/,staci@26northyachts.com,954-900-9988,"2525 Marina Bay Drive West, 33312,Ft. Lauderdale, , FL, United States"
Abaco Beach Resort & Boat Harbor Marina,https://abacobeachresort.com/,kevie.thomas@abacobeachresort.com,242-367-2158,"Bay St,Marsh Harbour, Abaco, Bahamas"
AB Inflatables USA,,jmendoza@abmarinegroup.com,+57 5 379 5132,"Calle 1 E #2-15 Bodega 9,Zona Franca De Barranquilla, 080004,Barranquilla, Atlantico, Colombia"
Absolute of Americas Inc.,https://www.absoluteyachts.com/en/,marketing@absoluteofamericas.com,954-842-6909,"509 Madison Ave.,Suite 1510, 10022,New York City, , NY"
ABT-Trac,https://abttrac.com/,rfellows@thrusters.com,707-586-3166,"517-A Martin Ave, 94928,Rohnert Park, , Cali, United States"
Acryfin Deck & Dock Coatings,https://acryfin.com/,drew@acryfin.com,239-826-3456,"2624 Providence St., 33916,Ft Myers, , FL"
AERE Marine Group,https://www.aeremarinegroup.com/,vicki@aeremarinegroup.com,954-345-2373,"12207 NW 35th Street, 33065,Coral Springs, , FL"
Airship Ribs,https://www.airshipribs.com/,chrissy.phillips@airshipribs.com,440-967-1073  ex1005,"1151 Sunnyside Rd, 44089,Vermilion, , OH"
Albemarle Boats,https://www.albemarleboats.com/,keith@albemarleboats.com,252-482-4369,"140 Midway Drive, 27932,Edenton, , NC"
Alexseal Yacht Coatings,https://www.alexseal.com/,Jeff.Grandgenett@alexseal.com,843-654-7755,"1200 Charleston Regional Pkwy, 29492,Charleston, , SC"
Allied Marine,https://www.alliedmarine.com/,crystal.castro@ferrettigroup.com,954-462-5527,"1445 SE 16th Street, 33316,Ft. Lauderdale, , FL"
All Ocean Yachts,https://www.buyexploreryachts.com/explorer-yachts-news.shtml,SteveR@alloceanyachts.com,305-216-8682,"1005 Marina Mile Blvd,Suite 444, 33315,Fort Lauderdale, , FL"
Alva Yachts,https://www.yachtsalesinternational.com/about-alva-yachts/,Info@yachtsalesinternational.com,954-642-2080,"400 SW 1st Ave,Suite 1, 33301,Fort Lauderdale, , FL, United States"
American Yacht Group,http://www.americanyachtgroup.com,wako@hcbyachts.com,502-762-3405,"1095 N Hwy A1A, 33477,Jupiter, , Flor, United States"
Americas Compressors,http://www.safetyfirstdiving.com/,buck@safetyfirstdiving.com,817-680-8795 Cell,"1005 Marina Mile Blvd.,Suite # 456, 33315,Fort Lauderdale, , FL"
Anchor Yacht Rentals,https://www.anchorrides.com/home,,,"Do Not Have,"
ANG Converters,https://angconverters.com,info@angconverters.com,954-368-3214,"3200 S. Andrews Ave.,Sutie 207, 33316,Ft Lauderdale, , FL"
Anvera USA,https://www.anvera.it/en/anvera-style/,info@anverausa.it,+39 3929850825,"1200 Brickell Avenue,Suite 800 #6, 33131,Miami, , FL"
10/10 Slicker Beaut,http://www.slickerbeaut.com,colton@slickerbeaut.com,954-366-8124,"1009 Cordova Road, 33316,Ft Lauderdale, , FL"
1 Ocean Yachts,http://www.1oceanyachts.com,jose@1oceanyachts.com,+1 305 491 7794,"1000 5th ST SUITE 200 – C10 , 33139,MIAMI BEACH, , FL, United States"
26 North Yachts,https://www.26northyachts.com/,staci@26northyachts.com,954-900-9988,"2525 Marina Bay Drive West, 33312,Ft. Lauderdale, , FL, United States"
Abaco Beach Resort & Boat Harbor Marina,https://abacobeachresort.com/,kevie.thomas@abacobeachresort.com,242-367-2158,"Bay St,Marsh Harbour, Abaco, Bahamas"
AB Inflatables USA,,jmendoza@abmarinegroup.com,+57 5 379 5132,"Calle 1 E #2-15 Bodega 9,Zona Franca De Barranquilla, 080004,Barranquilla, Atlantico, Colombia"
Absolute of Americas Inc.,https://www.absoluteyachts.com/en/,marketing@absoluteofamericas.com,954-842-6909,"509 Madison Ave.,Suite 1510, 10022,New York City, , NY"
ABT-Trac,https://abttrac.com/,rfellows@thrusters.com,707-586-3166,"517-A Martin Ave, 94928,Rohnert Park, , Cali, United States"
Acryfin Deck & Dock Coatings,https://acryfin.com/,drew@acryfin.com,239-826-3456,"2624 Providence St., 33916,Ft Myers, , FL"
AERE Marine Group,https://www.aeremarinegroup.com/,vicki@aeremarinegroup.com,954-345-2373,"12207 NW 35th Street, 33065,Coral Springs, , FL"
Airship Ribs,https://www.airshipribs.com/,chrissy.phillips@airshipribs.com,440-967-1073  ex1005,"1151 Sunnyside Rd, 44089,Vermilion, , OH"
Albemarle Boats,https://www.albemarleboats.com/,keith@albemarleboats.com,252-482-4369,"140 Midway Drive, 27932,Edenton, , NC"
Alexseal Yacht Coatings,https://www.alexseal.com/,Jeff.Grandgenett@alexseal.com,843-654-7755,"1200 Charleston Regional Pkwy, 29492,Charleston, , SC"
Allied Marine,https://www.alliedmarine.com/,crystal.castro@ferrettigroup.com,954-462-5527,"1445 SE 16th Street, 33316,Ft. Lauderdale, , FL"
All Ocean Yachts,https://www.buyexploreryachts.com/explorer-yachts-news.shtml,SteveR@alloceanyachts.com,305-216-8682,"1005 Marina Mile Blvd,Suite 444, 33315,Fort Lauderdale, , FL"
Alva Yachts,https://www.yachtsalesinternational.com/about-alva-yachts/,Info@yachtsalesinternational.com,954-642-2080,"400 SW 1st Ave,Suite 1, 33301,Fort Lauderdale, , FL, United States"
American Yacht Group,http://www.americanyachtgroup.com,wako@hcbyachts.com,502-762-3405,"1095 N Hwy A1A, 33477,Jupiter, , Flor, United States"
Americas Compressors,http://www.safetyfirstdiving.com/,buck@safetyfirstdiving.com,817-680-8795 Cell,"1005 Marina Mile Blvd.,Suite # 456, 33315,Fort Lauderdale, , FL"
Anchor Yacht Rentals,https://www.anchorrides.com/home,,,"Do Not Have,"
ANG Converters,https://angconverters.com,info@angconverters.com,954-368-3214,"3200 S. Andrews Ave.,Sutie 207, 33316,Ft Lauderdale, , FL"
Anvera USA,https://www.anvera.it/en/anvera-style/,info@anverausa.it,+39 3929850825,"1200 Brickell Avenue,Suite 800 #6, 33131,Miami, , FL"
10/10 Slicker Beaut,http://www.slickerbeaut.com,colton@slickerbeaut.com,954-366-8124,"1009 Cordova Road, 33316,Ft Lauderdale, , FL"
1 Ocean Yachts,http://www.1oceanyachts.com,jose@1oceanyachts.com,+1 305 491 7794,"1000 5th ST SUITE 200 – C10 , 33139,MIAMI BEACH, , FL, United States"
26 North Yachts,https://www.26northyachts.com/,staci@26northyachts.com,954-900-9988,"2525 Marina Bay Drive West, 33312,Ft. Lauderdale, , FL, United States"
Abaco Beach Resort & Boat Harbor Marina,https://abacobeachresort.com/,kevie.thomas@abacobeachresort.com,242-367-2158,"Bay St,Marsh Harbour, Abaco, Bahamas"
AB Inflatables USA,,jmendoza@abmarinegroup.com,+57 5 379 5132,"Calle 1 E #2-15 Bodega 9,Zona Franca De Barranquilla, 080004,Barranquilla, Atlantico, Colombia"
Absolute of Americas Inc.,https://www.absoluteyachts.com/en/,marketing@absoluteofamericas.com,954-842-6909,"509 Madison Ave.,Suite 1510, 10022,New York City, , NY"
ABT-Trac,https://abttrac.com/,rfellows@thrusters.com,707-586-3166,"517-A Martin Ave, 94928,Rohnert Park, , Cali, United States"
Acryfin Deck & Dock Coatings,https://acryfin.com/,drew@acryfin.com,239-826-3456,"2624 Providence St., 33916,Ft Myers, , FL"
AERE Marine Group,https://www.aeremarinegroup.com/,vicki@aeremarinegroup.com,954-345-2373,"12207 NW 35th Street, 33065,Coral Springs, , FL"
Airship Ribs,https://www.airshipribs.com/,chrissy.phillips@airshipribs.com,440-967-1073  ex1005,"1151 Sunnyside Rd, 44089,Vermilion, , OH"
Albemarle Boats,https://www.albemarleboats.com/,keith@albemarleboats.com,252-482-4369,"140 Midway Drive, 27932,Edenton, , NC"
Alexseal Yacht Coatings,https://www.alexseal.com/,Jeff.Grandgenett@alexseal.com,843-654-7755,"1200 Charleston Regional Pkwy, 29492,Charleston, , SC"
Allied Marine,https://www.alliedmarine.com/,crystal.castro@ferrettigroup.com,954-462-5527,"1445 SE 16th Street, 33316,Ft. Lauderdale, , FL"
All Ocean Yachts,https://www.buyexploreryachts.com/explorer-yachts-news.shtml,SteveR@alloceanyachts.com,305-216-8682,"1005 Marina Mile Blvd,Suite 444, 33315,Fort Lauderdale, , FL"
Alva Yachts,https://www.yachtsalesinternational.com/about-alva-yachts/,Info@yachtsalesinternational.com,954-642-2080,"400 SW 1st Ave,Suite 1, 33301,Fort Lauderdale, , FL, United States"
American Yacht Group,http://www.americanyachtgroup.com,wako@hcbyachts.com,502-762-3405,"1095 N Hwy A1A, 33477,Jupiter, , Flor, United States"
Americas Compressors,http://www.safetyfirstdiving.com/,buck@safetyfirstdiving.com,817-680-8795 Cell,"1005 Marina Mile Blvd.,Suite # 456, 33315,Fort Lauderdale, , FL"
Anchor Yacht Rentals,https://www.anchorrides.com/home,,,"Do Not Have,"
ANG Converters,https://angconverters.com,info@angconverters.com,954-368-3214,"3200 S. Andrews Ave.,Sutie 207, 33316,Ft Lauderdale, , FL"
Anvera USA,https://www.anvera.it/en/anvera-style/,info@anverausa.it,+39 3929850825,"1200 Brickell Avenue,Suite 800 #6, 33131,Miami, , FL"
10/10 Slicker Beaut,http://www.slickerbeaut.com,colton@slickerbeaut.com,954-366-8124,"1009 Cordova Road, 33316,Ft Lauderdale, , FL"
1 Ocean Yachts,http://www.1oceanyachts.com,jose@1oceanyachts.com,+1 305 491 7794,"1000 5th ST SUITE 200 – C10 , 33139,MIAMI BEACH, , FL, United States"
26 North Yachts,https://www.26northyachts.com/,staci@26northyachts.com,954-900-9988,"2525 Marina Bay Drive West, 33312,Ft. Lauderdale, , FL, United States"
Abaco Beach Resort & Boat Harbor Marina,https://abacobeachresort.com/,kevie.thomas@abacobeachresort.com,242-367-2158,"Bay St,Marsh Harbour, Abaco, Bahamas"
AB Inflatables USA,,jmendoza@abmarinegroup.com,+57 5 379 5132,"Calle 1 E #2-15 Bodega 9,Zona Franca De Barranquilla, 080004,Barranquilla, Atlantico, Colombia"
Absolute of Americas Inc.,https://www.absoluteyachts.com/en/,marketing@absoluteofamericas.com,954-842-6909,"509 Madison Ave.,Suite 1510, 10022,New York City, , NY"
ABT-Trac,https://abttrac.com/,rfellows@thrusters.com,707-586-3166,"517-A Martin Ave, 94928,Rohnert Park, , Cali, United States"
Acryfin Deck & Dock Coatings,https://acryfin.com/,drew@acryfin.com,239-826-3456,"2624 Providence St., 33916,Ft Myers, , FL"
AERE Marine Group,https://www.aeremarinegroup.com/,vicki@aeremarinegroup.com,954-345-2373,"12207 NW 35th Street, 33065,Coral Springs, , FL"
Airship Ribs,https://www.airshipribs.com/,chrissy.phillips@airshipribs.com,440-967-1073  ex1005,"1151 Sunnyside Rd, 44089,Vermilion, , OH"
Albemarle Boats,https://www.albemarleboats.com/,keith@albemarleboats.com,252-482-4369,"140 Midway Drive, 27932,Edenton, , NC"
Alexseal Yacht Coatings,https://www.alexseal.com/,Jeff.Grandgenett@alexseal.com,843-654-7755,"1200 Charleston Regional Pkwy, 29492,Charleston, , SC"
Allied Marine,https://www.alliedmarine.com/,crystal.castro@ferrettigroup.com,954-462-5527,"1445 SE 16th Street, 33316,Ft. Lauderdale, , FL"
All Ocean Yachts,https://www.buyexploreryachts.com/explorer-yachts-news.shtml,SteveR@alloceanyachts.com,305-216-8682,"1005 Marina Mile Blvd,Suite 444, 33315,Fort Lauderdale, , FL"
Alva Yachts,https://www.yachtsalesinternational.com/about-alva-yachts/,Info@yachtsalesinternational.com,954-642-2080,"400 SW 1st Ave,Suite 1, 33301,Fort Lauderdale, , FL, United States"
American Yacht Group,http://www.americanyachtgroup.com,wako@hcbyachts.com,502-762-3405,"1095 N Hwy A1A, 33477,Jupiter, , Flor, United States"
Americas Compressors,http://www.safetyfirstdiving.com/,buck@safetyfirstdiving.com,817-680-8795 Cell,"1005 Marina Mile Blvd.,Suite # 456, 33315,Fort Lauderdale, , FL"
Anchor Yacht Rentals,https://www.anchorrides.com/home,,,"Do Not Have,"
ANG Converters,https://angconverters.com,info@angconverters.com,954-368-3214,"3200 S. Andrews Ave.,Sutie 207, 33316,Ft Lauderdale, , FL"
Anvera USA,https://www.anvera.it/en/anvera-style/,info@anverausa.it,+39 3929850825,"1200 Brickell Avenue,Suite 800 #6, 33131,Miami, , FL"
10/10 Slicker Beaut,http://www.slickerbeaut.com,colton@slickerbeaut.com,954-366-8124,"1009 Cordova Road, 33316,Ft Lauderdale, , FL"
1 Ocean Yachts,http://www.1oceanyachts.com,jose@1oceanyachts.com,+1 305 491 7794,"1000 5th ST SUITE 200 – C10 , 33139,MIAMI BEACH, , FL, United States"
26 North Yachts,https://www.26northyachts.com/,staci@26northyachts.com,954-900-9988,"2525 Marina Bay Drive West, 33312,Ft. Lauderdale, , FL, United States"
Abaco Beach Resort & Boat Harbor Marina,https://abacobeachresort.com/,kevie.thomas@abacobeachresort.com,242-367-2158,"Bay St,Marsh Harbour, Abaco, Bahamas"
AB Inflatables USA,,jmendoza@abmarinegroup.com,+57 5 379 5132,"Calle 1 E #2-15 Bodega 9,Zona Franca De Barranquilla, 080004,Barranquilla, Atlantico, Colombia"
Absolute of Americas Inc.,https://www.absoluteyachts.com/en/,marketing@absoluteofamericas.com,954-842-6909,"509 Madison Ave.,Suite 1510, 10022,New York City, , NY"
ABT-Trac,https://abttrac.com/,rfellows@thrusters.com,707-586-3166,"517-A Martin Ave, 94928,Rohnert Park, , Cali, United States"
Acryfin Deck & Dock Coatings,https://acryfin.com/,drew@acryfin.com,239-826-3456,"2624 Providence St., 33916,Ft Myers, , FL"
AERE Marine Group,https://www.aeremarinegroup.com/,vicki@aeremarinegroup.com,954-345-2373,"12207 NW 35th Street, 33065,Coral Springs, , FL"
Airship Ribs,https://www.airshipribs.com/,chrissy.phillips@airshipribs.com,440-967-1073  ex1005,"1151 Sunnyside Rd, 44089,Vermilion, , OH"
Albemarle Boats,https://www.albemarleboats.com/,keith@albemarleboats.com,252-482-4369,"140 Midway Drive, 27932,Edenton, , NC"
Alexseal Yacht Coatings,https://www.alexseal.com/,Jeff.Grandgenett@alexseal.com,843-654-7755,"1200 Charleston Regional Pkwy, 29492,Charleston, , SC"
Allied Marine,https://www.alliedmarine.com/,crystal.castro@ferrettigroup.com,954-462-5527,"1445 SE 16th Street, 33316,Ft. Lauderdale, , FL"
All Ocean Yachts,https://www.buyexploreryachts.com/explorer-yachts-news.shtml,SteveR@alloceanyachts.com,305-216-8682,"1005 Marina Mile Blvd,Suite 444, 33315,Fort Lauderdale, , FL"
Alva Yachts,https://www.yachtsalesinternational.com/about-alva-yachts/,Info@yachtsalesinternational.com,954-642-2080,"400 SW 1st Ave,Suite 1, 33301,Fort Lauderdale, , FL, United States"
American Yacht Group,http://www.americanyachtgroup.com,wako@hcbyachts.com,502-762-3405,"1095 N Hwy A1A, 33477,Jupiter, , Flor, United States"
Americas Compressors,http://www.safetyfirstdiving.com/,buck@safetyfirstdiving.com,817-680-8795 Cell,"1005 Marina Mile Blvd.,Suite # 456, 33315,Fort Lauderdale, , FL"
Anchor Yacht Rentals,https://www.anchorrides.com/home,,,"Do Not Have,"
ANG Converters,https://angconverters.com,info@angconverters.com,954-368-3214,"3200 S. Andrews Ave.,Sutie 207, 33316,Ft Lauderdale, , FL"
Anvera USA,https://www.anvera.it/en/anvera-style/,info@anverausa.it,+39 3929850825,"1200 Brickell Avenue,Suite 800 #6, 33131,Miami, , FL"
10/10 Slicker Beaut,http://www.slickerbeaut.com,colton@slickerbeaut.com,954-366-8124,"1009 Cordova Road, 33316,Ft Lauderdale, , FL"
1 Ocean Yachts,http://www.1oceanyachts.com,jose@1oceanyachts.com,+1 305 491 7794,"1000 5th ST SUITE 200 – C10 , 33139,MIAMI BEACH, , FL, United States"
26 North Yachts,https://www.26northyachts.com/,staci@26northyachts.com,954-900-9988,"2525 Marina Bay Drive West, 33312,Ft. Lauderdale, , FL, United States"
Abaco Beach Resort & Boat Harbor Marina,https://abacobeachresort.com/,kevie.thomas@abacobeachresort.com,242-367-2158,"Bay St,Marsh Harbour, Abaco, Bahamas"
AB Inflatables USA,,jmendoza@abmarinegroup.com,+57 5 379 5132,"Calle 1 E #2-15 Bodega 9,Zona Franca De Barranquilla, 080004,Barranquilla, Atlantico, Colombia"
Absolute of Americas Inc.,https://www.absoluteyachts.com/en/,marketing@absoluteofamericas.com,954-842-6909,"509 Madison Ave.,Suite 1510, 10022,New York City, , NY"
ABT-Trac,https://abttrac.com/,rfellows@thrusters.com,707-586-3166,"517-A Martin Ave, 94928,Rohnert Park, , Cali, United States"
Acryfin Deck & Dock Coatings,https://acryfin.com/,drew@acryfin.com,239-826-3456,"2624 Providence St., 33916,Ft Myers, , FL"
AERE Marine Group,https://www.aeremarinegroup.com/,vicki@aeremarinegroup.com,954-345-2373,"12207 NW 35th Street, 33065,Coral Springs, , FL"
Airship Ribs,https://www.airshipribs.com/,chrissy.phillips@airshipribs.com,440-967-1073  ex1005,"1151 Sunnyside Rd, 44089,Vermilion, , OH"
Albemarle Boats,https://www.albemarleboats.com/,keith@albemarleboats.com,252-482-4369,"140 Midway Drive, 27932,Edenton, , NC"
Alexseal Yacht Coatings,https://www.alexseal.com/,Jeff.Grandgenett@alexseal.com,843-654-7755,"1200 Charleston Regional Pkwy, 29492,Charleston, , SC"
Allied Marine,https://www.alliedmarine.com/,crystal.castro@ferrettigroup.com,954-462-5527,"1445 SE 16th Street, 33316,Ft. Lauderdale, , FL"
All Ocean Yachts,https://www.buyexploreryachts.com/explorer-yachts-news.shtml,SteveR@alloceanyachts.com,305-216-8682,"1005 Marina Mile Blvd,Suite 444, 33315,Fort Lauderdale, , FL"
Alva Yachts,https://www.yachtsalesinternational.com/about-alva-yachts/,Info@yachtsalesinternational.com,954-642-2080,"400 SW 1st Ave,Suite 1, 33301,Fort Lauderdale, , FL, United States"
American Yacht Group,http://www.americanyachtgroup.com,wako@hcbyachts.com,502-762-3405,"1095 N Hwy A1A, 33477,Jupiter, , Flor, United States"
Americas Compressors,http://www.safetyfirstdiving.com/,buck@safetyfirstdiving.com,817-680-8795 Cell,"1005 Marina Mile Blvd.,Suite # 456, 33315,Fort Lauderdale, , FL"
Anchor Yacht Rentals,https://www.anchorrides.com/home,,,"Do Not Have,"
ANG Converters,https://angconverters.com,info@angconverters.com,954-368-3214,"3200 S. Andrews Ave.,Sutie 207, 33316,Ft Lauderdale, , FL"
Anvera USA,https://www.anvera.it/en/anvera-style/,info@anverausa.it,+39 3929850825,"1200 Brickell Avenue,Suite 800 #6, 33131,Miami, , FL"
10/10 Slicker Beaut,http://www.slickerbeaut.com,colton@slickerbeaut.com,954-366-8124,"1009 Cordova Road, 33316,Ft Lauderdale, , FL"
1 Ocean Yachts,http://www.1oceanyachts.com,jose@1oceanyachts.com,+1 305 491 7794,"1000 5th ST SUITE 200 – C10 , 33139,MIAMI BEACH, , FL, United States"
26 North Yachts,https://www.26northyachts.com/,staci@26northyachts.com,954-900-9988,"2525 Marina Bay Drive West, 33312,Ft. Lauderdale, , FL, United States"
Abaco Beach Resort & Boat Harbor Marina,https://abacobeachresort.com/,kevie.thomas@abacobeachresort.com,242-367-2158,"Bay St,Marsh Harbour, Abaco, Bahamas"
AB Inflatables USA,,jmendoza@abmarinegroup.com,+57 5 379 5132,"Calle 1 E #2-15 Bodega 9,Zona Franca De Barranquilla, 080004,Barranquilla, Atlantico, Colombia"
Absolute of Americas Inc.,https://www.absoluteyachts.com/en/,marketing@absoluteofamericas.com,954-842-6909,"509 Madison Ave.,Suite 1510, 10022,New York City, , NY"
ABT-Trac,https://abttrac.com/,rfellows@thrusters.com,707-586-3166,"517-A Martin Ave, 94928,Rohnert Park, , Cali, United States"
Acryfin Deck & Dock Coatings,https://acryfin.com/,drew@acryfin.com,239-826-3456,"2624 Providence St., 33916,Ft Myers, , FL"
AERE Marine Group,https://www.aeremarinegroup.com/,vicki@aeremarinegroup.com,954-345-2373,"12207 NW 35th Street, 33065,Coral Springs, , FL"
Airship Ribs,https://www.airshipribs.com/,chrissy.phillips@airshipribs.com,440-967-1073  ex1005,"1151 Sunnyside Rd, 44089,Vermilion, , OH"
Albemarle Boats,https://www.albemarleboats.com/,keith@albemarleboats.com,252-482-4369,"140 Midway Drive, 27932,Edenton, , NC"
Alexseal Yacht Coatings,https://www.alexseal.com/,Jeff.Grandgenett@alexseal.com,843-654-7755,"1200 Charleston Regional Pkwy, 29492,Charleston, , SC"
Allied Marine,https://www.alliedmarine.com/,crystal.castro@ferrettigroup.com,954-462-5527,"1445 SE 16th Street, 33316,Ft. Lauderdale, , FL"
All Ocean Yachts,https://www.buyexploreryachts.com/explorer-yachts-news.shtml,SteveR@alloceanyachts.com,305-216-8682,"1005 Marina Mile Blvd,Suite 444, 33315,Fort Lauderdale, , FL"
Alva Yachts,https://www.yachtsalesinternational.com/about-alva-yachts/,Info@yachtsalesinternational.com,954-642-2080,"400 SW 1st Ave,Suite 1, 33301,Fort Lauderdale, , FL, United States"
American Yacht Group,http://www.americanyachtgroup.com,wako@hcbyachts.com,502-762-3405,"1095 N Hwy A1A, 33477,Jupiter, , Flor, United States"
Americas Compressors,http://www.safetyfirstdiving.com/,buck@safetyfirstdiving.com,817-680-8795 Cell,"1005 Marina Mile Blvd.,Suite # 456, 33315,Fort Lauderdale, , FL"
Anchor Yacht Rentals,https://www.anchorrides.com/home,,,"Do Not Have,"
ANG Converters,https://angconverters.com,info@angconverters.com,954-368-3214,"3200 S. Andrews Ave.,Sutie 207, 33316,Ft Lauderdale, , FL"
Anvera USA,https://www.anvera.it/en/anvera-style/,info@anverausa.it,+39 3929850825,"1200 Brickell Avenue,Suite 800 #6, 33131,Miami, , FL"
10/10 Slicker Beaut,http://www.slickerbeaut.com,colton@slickerbeaut.com,954-366-8124,"1009 Cordova Road, 33316,Ft Lauderdale, , FL"
1 Ocean Yachts,http://www.1oceanyachts.com,jose@1oceanyachts.com,+1 305 491 7794,"1000 5th ST SUITE 200 – C10 , 33139,MIAMI BEACH, , FL, United States"
26 North Yachts,https://www.26northyachts.com/,staci@26northyachts.com,954-900-9988,"2525 Marina Bay Drive West, 33312,Ft. Lauderdale, , FL, United States"
Abaco Beach Resort & Boat Harbor Marina,https://abacobeachresort.com/,kevie.thomas@abacobeachresort.com,242-367-2158,"Bay St,Marsh Harbour, Abaco, Bahamas"
AB Inflatables USA,,jmendoza@abmarinegroup.com,+57 5 379 5132,"Calle 1 E #2-15 Bodega 9,Zona Franca De Barranquilla, 080004,Barranquilla, Atlantico, Colombia"
Absolute of Americas Inc.,https://www.absoluteyachts.com/en/,marketing@absoluteofamericas.com,954-842-6909,"509 Madison Ave.,Suite 1510, 10022,New York City, , NY"
ABT-Trac,https://abttrac.com/,rfellows@thrusters.com,707-586-3166,"517-A Martin Ave, 94928,Rohnert Park, , Cali, United States"
Acryfin Deck & Dock Coatings,https://acryfin.com/,drew@acryfin.com,239-826-3456,"2624 Providence St., 33916,Ft Myers, , FL"
AERE Marine Group,https://www.aeremarinegroup.com/,vicki@aeremarinegroup.com,954-345-2373,"12207 NW 35th Street, 33065,Coral Springs, , FL"
Airship Ribs,https://www.airshipribs.com/,chrissy.phillips@airshipribs.com,440-967-1073  ex1005,"1151 Sunnyside Rd, 44089,Vermilion, , OH"
Albemarle Boats,https://www.albemarleboats.com/,keith@albemarleboats.com,252-482-4369,"140 Midway Drive, 27932,Edenton, , NC"
Alexseal Yacht Coatings,https://www.alexseal.com/,Jeff.Grandgenett@alexseal.com,843-654-7755,"1200 Charleston Regional Pkwy, 29492,Charleston, , SC"
Allied Marine,https://www.alliedmarine.com/,crystal.castro@ferrettigroup.com,954-462-5527,"1445 SE 16th Street, 33316,Ft. Lauderdale, , FL"
All Ocean Yachts,https://www.buyexploreryachts.com/explorer-yachts-news.shtml,SteveR@alloceanyachts.com,305-216-8682,"1005 Marina Mile Blvd,Suite 444, 33315,Fort Lauderdale, , FL"
Alva Yachts,https://www.yachtsalesinternational.com/about-alva-yachts/,Info@yachtsalesinternational.com,954-642-2080,"400 SW 1st Ave,Suite 1, 33301,Fort Lauderdale, , FL, United States"
American Yacht Group,http://www.americanyachtgroup.com,wako@hcbyachts.com,502-762-3405,"1095 N Hwy A1A, 33477,Jupiter, , Flor, United States"
Americas Compressors,http://www.safetyfirstdiving.com/,buck@safetyfirstdiving.com,817-680-8795 Cell,"1005 Marina Mile Blvd.,Suite # 456, 33315,Fort Lauderdale, , FL"
Anchor Yacht Rentals,https://www.anchorrides.com/home,,,"Do Not Have,"
ANG Converters,https://angconverters.com,info@angconverters.com,954-368-3214,"3200 S. Andrews Ave.,Sutie 207, 33316,Ft Lauderdale, , FL"
Anvera USA,https://www.anvera.it/en/anvera-style/,info@anverausa.it,+39 3929850825,"1200 Brickell Avenue,Suite 800 #6, 33131,Miami, , FL"
10/10 Slicker Beaut,http://www.slickerbeaut.com,colton@slickerbeaut.com,954-366-8124,"1009 Cordova Road, 33316,Ft Lauderdale, , FL"
1 Ocean Yachts,http://www.1oceanyachts.com,jose@1oceanyachts.com,+1 305 491 7794,"1000 5th ST SUITE 200 – C10 , 33139,MIAMI BEACH, , FL, United States"
26 North Yachts,https://www.26northyachts.com/,staci@26northyachts.com,954-900-9988,"2525 Marina Bay Drive West, 33312,Ft. Lauderdale, , FL, United States"
Abaco Beach Resort & Boat Harbor Marina,https://abacobeachresort.com/,kevie.thomas@abacobeachresort.com,242-367-2158,"Bay St,Marsh Harbour, Abaco, Bahamas"
AB Inflatables USA,,jmendoza@abmarinegroup.com,+57 5 379 5132,"Calle 1 E #2-15 Bodega 9,Zona Franca De Barranquilla, 080004,Barranquilla, Atlantico, Colombia"
Absolute of Americas Inc.,https://www.absoluteyachts.com/en/,marketing@absoluteofamericas.com,954-842-6909,"509 Madison Ave.,Suite 1510, 10022,New York City, , NY"
ABT-Trac,https://abttrac.com/,rfellows@thrusters.com,707-586-3166,"517-A Martin Ave, 94928,Rohnert Park, , Cali, United States"
Acryfin Deck & Dock Coatings,https://acryfin.com/,drew@acryfin.com,239-826-3456,"2624 Providence St., 33916,Ft Myers, , FL"
AERE Marine Group,https://www.aeremarinegroup.com/,vicki@aeremarinegroup.com,954-345-2373,"12207 NW 35th Street, 33065,Coral Springs, , FL"
Airship Ribs,https://www.airshipribs.com/,chrissy.phillips@airshipribs.com,440-967-1073  ex1005,"1151 Sunnyside Rd, 44089,Vermilion, , OH"
Albemarle Boats,https://www.albemarleboats.com/,keith@albemarleboats.com,252-482-4369,"140 Midway Drive, 27932,Edenton, , NC"
Alexseal Yacht Coatings,https://www.alexseal.com/,Jeff.Grandgenett@alexseal.com,843-654-7755,"1200 Charleston Regional Pkwy, 29492,Charleston, , SC"
Allied Marine,https://www.alliedmarine.com/,crystal.castro@ferrettigroup.com,954-462-5527,"1445 SE 16th Street, 33316,Ft. Lauderdale, , FL"
All Ocean Yachts,https://www.buyexploreryachts.com/explorer-yachts-news.shtml,SteveR@alloceanyachts.com,305-216-8682,"1005 Marina Mile Blvd,Suite 444, 33315,Fort Lauderdale, , FL"
Alva Yachts,https://www.yachtsalesinternational.com/about-alva-yachts/,Info@yachtsalesinternational.com,954-642-2080,"400 SW 1st Ave,Suite 1, 33301,Fort Lauderdale, , FL, United States"
American Yacht Group,http://www.americanyachtgroup.com,wako@hcbyachts.com,502-762-3405,"1095 N Hwy A1A, 33477,Jupiter, , Flor, United States"
Americas Compressors,http://www.safetyfirstdiving.com/,buck@safetyfirstdiving.com,817-680-8795 Cell,"1005 Marina Mile Blvd.,Suite # 456, 33315,Fort Lauderdale, , FL"
Anchor Yacht Rentals,https://www.anchorrides.com/home,,,"Do Not Have,"
ANG Converters,https://angconverters.com,info@angconverters.com,954-368-3214,"3200 S. Andrews Ave.,Sutie 207, 33316,Ft Lauderdale, , FL"
Anvera USA,https://www.anvera.it/en/anvera-style/,info@anverausa.it,+39 3929850825,"1200 Brickell Avenue,Suite 800 #6, 33131,Miami, , FL"
10/10 Slicker Beaut,http://www.slickerbeaut.com,colton@slickerbeaut.com,954-366-8124,"1009 Cordova Road, 33316,Ft Lauderdale, , FL"
1 Ocean Yachts,http://www.1oceanyachts.com,jose@1oceanyachts.com,+1 305 491 7794,"1000 5th ST SUITE 200 – C10 , 33139,MIAMI BEACH, , FL, United States"
26 North Yachts,https://www.26northyachts.com/,staci@26northyachts.com,954-900-9988,"2525 Marina Bay Drive West, 33312,Ft. Lauderdale, , FL, United States"
Abaco Beach Resort & Boat Harbor Marina,https://abacobeachresort.com/,kevie.thomas@abacobeachresort.com,242-367-2158,"Bay St,Marsh Harbour, Abaco, Bahamas"
AB Inflatables USA,,jmendoza@abmarinegroup.com,+57 5 379 5132,"Calle 1 E #2-15 Bodega 9,Zona Franca De Barranquilla, 080004,Barranquilla, Atlantico, Colombia"
Absolute of Americas Inc.,https://www.absoluteyachts.com/en/,marketing@absoluteofamericas.com,954-842-6909,"509 Madison Ave.,Suite 1510, 10022,New York City, , NY"
ABT-Trac,https://abttrac.com/,rfellows@thrusters.com,707-586-3166,"517-A Martin Ave, 94928,Rohnert Park, , Cali, United States"
Acryfin Deck & Dock Coatings,https://acryfin.com/,drew@acryfin.com,239-826-3456,"2624 Providence St., 33916,Ft Myers, , FL"
AERE Marine Group,https://www.aeremarinegroup.com/,vicki@aeremarinegroup.com,954-345-2373,"12207 NW 35th Street, 33065,Coral Springs, , FL"
Airship Ribs,https://www.airshipribs.com/,chrissy.phillips@airshipribs.com,440-967-1073  ex1005,"1151 Sunnyside Rd, 44089,Vermilion, , OH"
Albemarle Boats,https://www.albemarleboats.com/,keith@albemarleboats.com,252-482-4369,"140 Midway Drive, 27932,Edenton, , NC"
Alexseal Yacht Coatings,https://www.alexseal.com/,Jeff.Grandgenett@alexseal.com,843-654-7755,"1200 Charleston Regional Pkwy, 29492,Charleston, , SC"
Allied Marine,https://www.alliedmarine.com/,crystal.castro@ferrettigroup.com,954-462-5527,"1445 SE 16th Street, 33316,Ft. Lauderdale, , FL"
All Ocean Yachts,https://www.buyexploreryachts.com/explorer-yachts-news.shtml,SteveR@alloceanyachts.com,305-216-8682,"1005 Marina Mile Blvd,Suite 444, 33315,Fort Lauderdale, , FL"
Alva Yachts,https://www.yachtsalesinternational.com/about-alva-yachts/,Info@yachtsalesinternational.com,954-642-2080,"400 SW 1st Ave,Suite 1, 33301,Fort Lauderdale, , FL, United States"
American Yacht Group,http://www.americanyachtgroup.com,wako@hcbyachts.com,502-762-3405,"1095 N Hwy A1A, 33477,Jupiter, , Flor, United States"
Americas Compressors,http://www.safetyfirstdiving.com/,buck@safetyfirstdiving.com,817-680-8795 Cell,"1005 Marina Mile Blvd.,Suite # 456, 33315,Fort Lauderdale, , FL"
Anchor Yacht Rentals,https://www.anchorrides.com/home,,,"Do Not Have,"
ANG Converters,https://angconverters.com,info@angconverters.com,954-368-3214,"3200 S. Andrews Ave.,Sutie 207, 33316,Ft Lauderdale, , FL"
Anvera USA,https://www.anvera.it/en/anvera-style/,info@anverausa.it,+39 3929850825,"1200 Brickell Avenue,Suite 800 #6, 33131,Miami, , FL"